PI1,*CC*,4699.002675
PI2,*C(C*)C,4332.492867
PI3,*C(C*)CC,4458.603276
PI4,*C(C*)CCC,4446.7416
PI5,*C(C*)C(C)C,4376.928225
PI6,*C(C*)CCCC,4465.699624
PI7,*C(C*)CC(C)C,4425.884896
PI8,*C(C*)CCCCC,4541.070571
PI10,*C(C*)CCC(CC)C,4441.089472
PI11,*C(C*)CCCCCCC,4611.340726
PI12,*C(C*)CCCCCCCC,4625.514085
PI13,*C(C*)(C)C,4404.36769
PI14,*C(C*)(CC)C,4279.141456
PI15,*C(CC*)(C)C,4323.95676
PI16,*C(C(C*)C)(C)C,4283.919731
PI17,*C(CCC*)(C)C,4450.846808
PI18,*C(CCC*)(CC)C,4383.910692
PI19,*C(CCCCCCC*)C,4839.385352
PI20,*C(C*)C1CC1,4111.184311
PI21,*C(C*)C1CCC1,4151.097474
PI22,*C(C*)C1CCCC1,4198.195815
PI23,*C(C*)CC1CCCC1,4156.090264
PI24,*C(C*)C1CCCCC1,4199.457496
PI25,*C(C*)CC1CCCCC1,4260.94911
PI26,*C(C*)Cc1ccccc1,3473.43289
PI27,*C(C*)CCc1ccccc1,3675.827892
PI28,*C(C*)C(c1ccccc1)C,3552.339229
PI29,*C1CC(CC1)C*,4155.611242
PI30,*C(C*)CCCCCC,4577.797022
PI31,*C(C*)CCCCCCCCCC,4584.116743
PI32,*C(C*)CCCCCCCCCCCC,4623.665193
PI33,*C(C*)CCCCCCCCCCCCCCCC,4676.655489
PI35,*C(C*)C(CC)C,4346.156853
PI36,*C(C*)C(CC)CC,4490.45783
PI37,*C(C*)CC(CC)CC,4423.215129
PI38,*C(C*)CC(CC)C,4458.808558
PI39,*C(C*)CC(C)(C)C,4387.566999
PI40,*C(C*)CC(CC)(C)C,4343.760744
PI41,*C(C*)CCCC(C)(C)C,4419.45012
PI42,*C(C*)CCC1CCCCC1,4203.146499
PI43,*C(C*)CCCC1CCCCC1,4294.639877
PI44,*C1(CCC(CC1)C)C*,4107.301081
PI45,*C(C*)(CCC)C,4335.208757
PI46,*/C=C/CC*,4364.674401
PI47,*/C=C\CC*,4233.879885
PI48,*C=CCC*,4395.372607
PI49,*C(C)C(C)*,4409.299361
PI50,*/C=C/*,3427.762289
PI51,*C(C(CC*)C)C,4430.461174
PI52,*C1C(CCC1)CC*,4336.66637
PI53,*C=CCCCCCCCC*,4955.423475
PI54,*C(C*)CCCCCCCCCCCCCCCCCCCC,4776.364106
PI55,*/C=C/CCCCCCCCCC*,4539.347985
PI56,*C(C*)CCCCCCCCCCCCCC,4741.056374
PI57,*C=CCCCCCC*,4634.293815
PI58,*/C=C/CCC*,4590.173117
PI59,*C(C*)C(C)(C)C,4254.112652
PI60,*/C=C\CCCC*,4395.160233
PI61,*C(C*)CCCCCCCCCCCCC,4505.182624
PI62,*C(CC)C(CC)*,4426.276523
PI63,*C(C*)CCCCCCCCCCC,4619.381361
PI64,*C(C*)CCCCCCCCC,4652.50367
PI65,*C(C*)C1CC(CCC1)C,4587.343021
PI66,*C(C*)C1CCC(CC1)C,4124.82197
PI67,*C(C*)C1CC=CCC1,3901.357957
PI68,*C(=CCC*)CCCCCCC,4413.811759
PI69,*C(=CCC*)C(C)C,4085.191867
PI70,*/C=C\CCC*,4424.798592
PI71,*C(C*)CCC(C)(C)C,4302.348367
PI72,*C1C(CC1)*,3788.267893
PI73,*/C=C\*,3406.14876
PI74,*/C=C\CCCCC*,4687.171931
PI75,*C1CC(CC1)C=C*,4158.854772
PI76,*/C=C/C(C*)C(CC)C,4287.754346
PI77,*C(=CCC*)CCC,4391.369695
PI78,*C=CCCCCCCCCCC*,4564.425017
PI79,*C1(CCCCC1)C*,4174.036227
PI80,*C=CC(CCCCC*)C,4481.694262
PI81,*/C(=C\CC*)C(C)(C)C,4188.753289
PI82,*C(C*)c1ccccc1,3341.648963
PI83,*C(C*)c1c(cccc1)C,3427.169361
PI84,*C(C*)c1c(cccc1)CC,3574.873278
PI85,*C(C*)c1c(cccc1)COC,3399.851689
PI86,*C(C*)c1c(cccc1)COCC,3643.861148
PI87,*C(C*)c1c(cccc1)COCCC,3697.575712
PI88,*C(C*)c1c(cccc1)COC(C)C,3553.314739
PI89,*C(C*)c1c(cccc1)COCCCC,3765.415223
PI90,*C(C*)c1c(cccc1)COCCCCC,3959.298076
PI91,*C(C*)c1c(cccc1)COCCC(C)C,3686.76691
PI92,*C(C*)c1c(cccc1)COCc1ccccc1,3300.152239
PI93,*C(C*)c1c(cccc1)COCCc1ccccc1,3404.210179
PI94,*C(C*)c1c(cccc1)C(=O)NC,3109.128559
PI95,*C(C*)c1c(cccc1)C(=O)N(C)C,3249.213519
PI96,*C(C*)c1c(cccc1)C(=O)Nc1ccccc1,2986.083032
PI97,*C(C*)c1c(cccc1)C(=O)O,2963.812223
PI98,*C(C*)c1c(cccc1)C(=O)OC,3109.660332
PI99,*C(C*)c1c(cccc1)C(=O)OCC,3275.566753
PI100,*C(C*)c1c(cccc1)C(=O)OCCC,3369.48944
PI101,*C(C*)c1c(cccc1)C(=O)OC(C)C,3270.932975
PI102,*C(C*)c1c(cccc1)C(=O)OCCCC,3558.60858
PI103,*C(C*)c1c(cccc1)C(=O)OCC(C)C,3448.876191
PI104,*C(C*)c1c(cccc1)C(=O)OCCCCC,3559.569038
PI105,*C(C*)c1c(cccc1)C(=O)OCCC(C)C,3468.131177
PI106,*C(C*)c1c(cccc1)C(=O)OCCCCCC,3656.146851
PI107,*C(C*)c1c(cccc1)C(=O)Oc1ccccc1,2937.125391
PI108,*C(C*)c1c(cccc1)C(=O)OCCN(C)C,3418.275782
PI109,*C(C*)c1ccc(cc1)C(=O)OCCN(C)C,3424.152291
PI110,*C(C*)c1c(cccc1)OC,3252.219225
PI111,*C(C*)c1c(cccc1)Cl,2637.162367
PI112,*C(C*)c1c(cccc1)F,2914.615125
PI113,*C(C*)c1cc(ccc1)C,3365.37924
PI114,*C(C*)c1cc(ccc1)CC,3644.67395
PI115,*C(C*)c1cc(ccc1)c1ccc(cc1)c1ccccc1,3107.60159
PI116,*C(C*)c1cc(ccc1)Cl,2631.87146
PI117,*C(C*)c1cc(ccc1)F,2988.320841
PI118,*C(C*)c1ccc(cc1)C,3405.834541
PI119,*C(C*)c1ccc(cc1)CC,3639.535808
PI120,*C(C*)c1ccc(cc1)C(C)C,3783.635741
PI121,*C(C*)c1ccc(cc1)CCCC,3950.672266
PI122,*C(C*)c1ccc(cc1)C(C)(C)C,3683.540865
PI123,*C(C*)c1ccc(cc1)C(CC)C,3683.098958
PI124,*C(C*)c1ccc(cc1)CCCCCC,3991.91917
PI125,*C(C*)c1ccc(cc1)CCCCCCCC,4309.825015
PI126,*C(C*)c1ccc(cc1)CCCCCCCCC,4097.77956
PI127,*C(C*)c1ccc(cc1)CCCCCCCCCC,4096.026209
PI128,*C(C*)c1ccc(cc1)CCCCCCCCCCCC,4305.991263
PI129,*C(C*)c1ccc(cc1)CCCCCCCCCCCCCC,4251.318954
PI130,*C(C*)c1ccc(cc1)CCCCCCCCCCCCCCCC,4263.048307
PI131,*C(C*)c1ccc(cc1)CCCCCCCCCCCCCCCCCC,4290.125194
PI132,*C(C*)c1ccc(cc1)c1ccccc1,3208.670512
PI133,*C(C*)c1ccc(cc1)COCCOCC,3692.314957
PI134,*C(C*)c1ccc(cc1)C#N,2929.300864
PI135,*C(C*)c1ccc(cc1)Cl,2594.282235
PI136,*C(C*)c1ccc(cc1)Br,1950.132787
PI137,*C(C*)c1ccc(cc1)C(C(C(C(C(C(C(F)(F)F)(F)F)(F)F)(F)F)(F)F)(F)F)(F)F,2030.549998
PI138,*C(C*)c1ccc(cc1)C(=NO)C,3303.287877
PI139,*C(C*)c1ccc(cc1)C(O)(C)C,3602.546473
PI140,*C(C*)c1ccc(cc1)C(CC)(O)C,3962.917553
PI141,*C(C*)c1ccc(cc1)C(CCC)(O)C,3604.936405
PI142,*C(C*)c1ccc(cc1)C(CCCC)(O)C,3833.423706
PI143,*C(C*)c1ccc(cc1)C(CCCCC)(O)C,3980.241411
PI144,*C(C*)c1ccc(cc1)C(CCN(C)C)O,3810.623422
PI145,*C(C*)c1ccc(cc1)C(CCN1CCCCC1)O,3830.802006
PI146,*C(C*)c1ccc(cc1)C(CCN1CCOCC1)O,3542.365618
PI147,*C(C*)c1ccc(cc1)COC,3576.60546
PI148,*C(C*)c1ccc(cc1)COCCO,3461.2575
PI149,*C(C*)c1ccc(cc1)COCCC,3640.349855
PI150,*C(C*)c1ccc(cc1)COCCCC,3851.075543
PI151,*C(C*)c1ccc(cc1)COCCCCO,3639.334731
PI152,*C(C*)c1ccc(cc1)COC(CC)C,3820.680244
PI153,*C(C*)c1ccc(cc1)COCCCCCC,3925.515112
PI154,*C(C*)c1ccc(cc1)COCCOCCCC,3808.373398
PI155,*C(C*)c1ccc(cc1)C(=O)N(C)C,3196.024919
PI156,*C(C*)c1ccc(cc1)C(=O)N(CC)CC,3416.54375
PI157,*C(C*)c1ccc(cc1)C(=O)N1CCCCC1,3381.843681
PI158,*C(C*)c1ccc(cc1)C(=O)CCN1CCCCC1,3479.075374
PI159,*C(C*)c1ccc(cc1)C(=O)N1CCOCC1,3197.303891
PI160,*C(C*)c1ccc(cc1)C(=O)OC,3074.650943
PI161,*C(C*)c1ccc(cc1)C(=O)OCC,3211.083979
PI162,*C(C*)c1ccc(cc1)C(=O)OCCC,3376.651566
PI163,*C(C*)c1ccc(cc1)C(=O)OC(C)C,3253.670667
PI164,*C(C*)c1ccc(cc1)C(=O)OCCCC,3428.596722
PI165,*C(C*)c1ccc(cc1)C(=O)OCC(C)C,3346.147342
PI166,*C(C*)c1ccc(cc1)C(=O)OCCCCCC,3578.445341
PI167,*C(C*)c1ccc(cc1)C(=O)CC,3423.444859
PI168,*C(C*)c1ccc(cc1)C(=O)CCC,3588.819217
PI169,*C(C*)c1ccc(cc1)C(=O)CCCC,3606.522412
PI170,*C(C*)c1ccc(cc1)C(=O)CCCCC,3704.789293
PI171,*C(C*)c1ccc(cc1)C(=O)CCCCCCC,3864.024252
PI172,*C(C*)c1ccc(cc1)C(=O)Cc1ccccc1,3169.686861
PI173,*C(C*)c1ccc(cc1)C(=O)c1ccccc1,3058.256174
PI174,*C(C*)c1ccc(cc1)C(=O)c1ccc(cc1)C,3105.836674
PI175,*C(C*)c1ccc(cc1)F,2908.635479
PI176,*C(C*)c1ccc(cc1)I,1579.107875
PI177,*C(C*)c1ccc(cc1)N(C)C,3539.94619
PI178,*C(C*)c1ccc(cc1)OC,3275.472921
PI179,*C(C*)c1ccc(cc1)OCC,3475.003339
PI180,*C(C*)c1ccc(cc1)OCCC,3602.091447
PI181,*C(C*)c1ccc(cc1)OCCCC,3758.506945
PI182,*C(C*)c1ccc(cc1)OCCC(C)C,3696.091273
PI183,*C(C*)c1ccc(cc1)Oc1ccccc1,3026.416502
PI184,*C(C*)c1ccc(cc1)c1ccc(cc1)c1ccccc1,3131.460362
PI185,*C(C*)c1ccc(cc1)S(=O)(=O)OCCC,2913.770066
PI186,*C(C*)c1c(cccc1Cl)Cl,2211.203437
PI187,*C(C*)c1c(cc(cc1)C)C,3492.04605
PI188,*C(C*)c1c(cc(cc1)C(C)C)C(C)C,3743.22618
PI189,*C(C*)c1c(cc(cc1)F)C,3080.248365
PI190,*C(C*)c1c(cc(cc1)Cl)C,2719.939263
PI191,*C(C*)c1c(cc(cc1)Cl)Cl,2132.59294
PI192,*C(C*)c1c(ccc(c1)C)C,3524.353879
PI193,*C(C*)c1c(ccc(c1)C(C)(C)C)C,3729.167385
PI194,*C(C*)c1c(ccc(c1)C(C)C)C(C)C,3748.268404
PI195,*C(C*)c1c(ccc(c1)Cl)Cl,2071.881797
PI196,*C(C*)c1c(ccc(c1)F)F,2705.546333
PI197,*C(C*)c1c(ccc(c1)C)F,3030.360266
PI198,*C(C*)c1c(ccc(c1)Br)OCCCC,2579.873926
PI199,*C(C*)c1c(ccc(c1)Br)OCC,2227.399524
PI200,*C(C*)c1c(ccc(c1)Br)OC,2112.922368
PI201,*C(C*)c1c(ccc(c1)Br)OCCC,2408.469608
PI202,*C(C*)c1c(ccc(c1)Br)OC(C)C,2380.222784
PI203,*C(C*)c1c(ccc(c1)Br)OCCCCC,2734.527278
PI204,*C(C*)c1c(ccc(c1)Br)OCCC(C)C,2638.245718
PI205,*C(C*)c1cc(cc(c1)C)C,3433.998615
PI206,*C(C*)c1cc(c(cc1)C)C,3471.789498
PI207,*C(C*)c1cc(c(cc1)Cl)C,2741.58797
PI208,*C(C*)c1cc(c(cc1)Cl)Cl,2244.680131
PI209,*C(C*)c1cc(c(cc1)Cl)F,2380.985154
PI210,*C(C*)c1c(cc(cc1C)C)C,3646.903615
PI211,*C(C*)c1c(cc(c(c1)C)C)C,3549.544348
PI212,*C(C*)c1c(c(c(c(c1F)F)F)F)F,1979.257527
PI213,*C(C*)(c1ccccc1)C,3464.598351
PI214,*C(C*)(c1ccc(cc1)C(C)C)C,3815.679
PI215,*C(C(*)(F)F)(c1ccccc1)F,2399.438226
PI216,*C(C(*)(F)F)(c1c(c(c(c(c1F)F)F)F)F)F,1688.512371
PI217,*C(C*)c1c2c(ccc1)cccc2,3117.857888
PI218,*C(C*)c1ccc(cc1)C(=O)C,3269.89771
PI219,*C(C*)c1ccc(cc1)C(=O)CCN1CCOCC1,3294.897267
PI220,*C(C*)(C(=O)OC)c1ccccc1,3038.937627
PI221,*C(C*)(c1ccc(cc1)C)C,3465.731501
PI222,*C(C(*)c1ccccc1)[N+](=O)[O-],2791.647421
PI223,*C(C*)c1ccc(cc1)C(=O)C(F)(F)F,2538.77887
PI224,*C(C*)c1ccc(cc1)C(=O)c1ccc(cc1)OC,3028.140726
PI225,*C(C*)c1cc2c(cc1)cccc2,3154.4699
PI226,*C(C*)c1ccncc1,3213.165825
PI227,*C(C*)c1nc(ccc1)C,3307.303413
PI228,*C(C*)c1ccc(nc1)C,3269.804187
PI229,*C(C*)N1Nc2c(C1)cccc2,3215.814955
PI230,*C(C(C(C*)c1ncccc1)c1ccccc1)c1ncccc1,3033.43201
PI231,*C(C*)c1ccc(cc1)O,3210.901369
PI232,*C(C*)c1ccc(cc1)OC(=O)C,3112.053896
PI233,*C(C*)c1ccc(cc1)CCC,3783.903753
PI234,*C(C*)c1ccc(cc1)COCCCCCCOc1ccc(cc1)c1ccc(cc1)OC,3360.678931
PI235,*C(C*)c1ccc(cc1)COCC(CCCC)CC,4053.800034
PI236,*C(C*)c1ccc(cc1)COCCOCCCCCCCC,4261.25295
PI237,*C(C*)c1ccc(cc1)C(C(C(C(C(C(F)F)(F)F)(F)F)(F)F)(F)F)(F)F,2182.657717
PI238,*C(CC(C*)c1ccccc1)(C(=O)OC)C#N,3121.950807
PI239,*C(C*)c1cc(c(cc1)C(=O)O)C(=O)O,2628.501181
PI240,*C(C(*)(c1c(c(c(c(c1[2H])[2H])[2H])[2H])[2H])[2H])([2H])[2H],3784.536188
PI241,*C(C*)O,4120.919335
PI242,*C(C*)C=O,3305.645558
PI243,*C(C*)OC(=O)CCCCCCCCCCC,4156.373436
PI246,*C(C*)C(=O)C,3349.52581
PI247,*C(C*)C(=O)C(C)C,3862.427978
PI248,*C(C*)(C(=O)C)C,3734.477918
PI249,*C(C*)C#N,2943.306276
PI250,*C(C*)(C#N)C,3170.710495
PI251,*C(C*)c1ncccc1,3171.368262
PI252,*C(C*)n1c2ccccc2c2ccccc12,2982.501728
PI253,*C(C*)OC,3624.652005
PI254,*C(C*)OCC,3978.472984
PI259,*C(C*)OC(=O)C,3242.274153
PI260,*C(C*)OC(=O)CC,3402.187541
PI261,*C(C*)OC(=O)c1ccccc1,2965.266643
PI263,*C(C*)CCCCCCCCCO,4288.720157
PI264,*C(C*)CCN(C(C)C)C(C)C,4524.501816
PI265,*C(C*)CCCN(C(C)C)C(C)C,4726.282433
PI266,*C(C*)CCCN(CC(C)C)CC(C)C,4534.653741
PI267,*C(C*)O[N+](=O)[O-],2571.487856
PI268,*C=CC(C(*)C(=O)OC)C,3310.882178
PI269,*C#C/C(=C(*)\COS(=O)(=O)c1ccc(cc1)C)COS(=O)(=O)c1ccc(cc1)C,2518.177081
PI270,*C(C*)OC=O,3062.024055
PI271,*C(C*)OCc1ccccc1,3374.821588
PI272,*C(C*)OC(C)(C)C,3987.561404
PI273,*C(C(*)OCC(C)C)C,4094.763194
PI274,*C(C*)OC(C)C,4000.035966
PI275,*C(C*)(OC)C,4069.135473
PI276,*C(C*)OCC(C)(C)C,4053.524859
PI277,*C(C*)OC(CC)C,4077.378724
PI278,*C(C*)OC(=O)C(F)(F)F,2084.781486
PI279,*/C=C/C(C*)OC,3773.335051
PI280,*C=CCC(CC*)(C(=O)OC)C,3905.431798
PI281,*C(C*)CCc1c(cccc1)C,3709.026098
PI282,*C(C*)CCc1ccc(cc1)C,3648.246575
PI283,*C(C*)OCCCCCCCCCCCC,4546.434876
PI284,*C(C(*)OCCCC)C,4187.522148
PI285,*C(C(*)OC(C)(C)C)C,3927.631215
PI286,*C(C(*)OCC)C,3968.150843
PI287,*C(C(*)OC(C)C)C,4005.967436
PI288,*C(C(*)OC)C,3840.199472
PI289,*C(C(*)OCCC)C,4073.630929
PI291,*C(C*)Cc1c(ccc(c1)C)C,3718.637195
PI292,*C(C*)Cc1cc(c(cc1)C)C,3586.032924
PI293,*C(C*)Cc1cc(cc(c1)C)C,3721.314587
PI294,*C(C*)Cc1cc(ccc1)C,3598.902187
PI295,*C(C*)Cc1c(cccc1)C,3502.698774
PI296,*C(C*)Cc1ccc(cc1)C,3422.392013
PI297,*C(C(*)O)C,3657.214674
PI298,*C(C*)OC(=O)c1ccc(cc1)C(C)(C)C,3448.923107
PI299,*C(C*)C(=O)C(C)(C)C,3747.112552
PI300,*C(C*)C(=O)C1CCCCC1,3807.499102
PI302,*C(C*)C(=O)c1c(cccc1)O,3102.690399
PI303,*C=CC(C*)OC,3869.925553
PI304,*C(=CCC*)c1ccccc1,3504.879041
PI305,*C(O)C(*)O,3141.489556
PI306,*C(C*)OCC(CCCC)CC,4228.581705
PI307,*C(C*)SCCCC,3700.180513
PI308,*C(C*)OC1CCCCC1,3802.288162
PI309,*C(C*)SCC,3196.103539
PI310,*C(C(*)(F)F)(OC(C(C(C(F)(F)F)(F)F)(F)F)(F)F)F,1636.840508
PI311,*C(C(*)(F)F)(OC(C(F)(F)F)(F)F)F,1607.217703
PI312,*C(C(*)(F)F)(OC(F)(F)F)OC(F)(F)F,1642.492501
PI313,*C(C(*)(F)F)OC(F)(F)F,1723.65013
PI314,*C(C(*)F)(OC(F)(F)F)F,1712.321112
PI315,*C(C(*)(F)F)(OC(F)(F)F)F,1634.723255
PI316,*C(C*)OCC(CC)(C)C,4029.689907
PI317,*C(C*)SC,2851.243385
PI319,*C(C*)OCCC,3976.393943
PI320,*C(C*)(C(=O)C)F,2918.06347
PI321,*C(C*)C(=O)c1ccccc1,3035.740597
PI322,*C(C*)C(=O)c1cc(c(cc1)Br)OC,2112.071466
PI323,*C(C*)C(=O)c1ccc(cc1)C(C)(C)C,3518.429065
PI324,*C(C*)C(=O)c1ccc(cc1)Cl,2563.195776
PI325,*C(C*)C(=O)c1ccc(cc1)CC,3398.04827
PI326,*C(C*)C(=O)c1ccc(cc1)C(C)C,3407.82578
PI327,*C(C*)C(=O)c1ccc(cc1)OC,3063.570547
PI328,*C(C*)C(=O)c1cc(c(cc1)C)C,3225.595069
PI329,*C(C*)C(=O)c1ccc(cc1)CCC,3558.117692
PI330,*C(C*)C(=O)c1ccc(cc1)C,3171.17198
PI331,*C(C*)OC(=O)c1c(cccc1)OC(=O)C,2890.884336
PI332,*C(C*)OC(=O)c1ccc(cc1)OC(=O)C,2765.931384
PI333,*C(C*)OC(=O)CCCC(=O)c1ccccc1,3246.975229
PI334,*C(C*)OC(=O)c1cc(ccc1)Br,1935.187835
PI335,*C(C*)OC(=O)c1ccc(cc1)Br,1928.749479
PI336,*C(C*)OC(=O)c1ccc(cc1)OC(=O)CCC,3243.580272
PI337,*C(C*)OC(=O)c1c(cccc1)Cl,2402.69786
PI338,*C(C*)OC(=O)c1cc(ccc1)Cl,2458.273943
PI339,*C(C*)OC(=O)c1ccc(cc1)Cl,2361.781001
PI340,*C(C*)OC(=O)C1CCCCC1,3511.212145
PI341,*C(C*)OC(=O)CC1CCCCC1,3653.393173
PI342,*C(C*)OC(=O)CCCC1CCCCC1,3576.563019
PI343,*C(C*)OC(=O)c1ccc(cc1)OCC,3019.580116
PI344,*C(C*)OC(=O)c1ccc(cc1)CC,3253.870332
PI346,*C(C*)OC(=O)C(C(C(F)(F)F)(F)F)(F)F,1891.959905
PI347,*C(C*)OC(=O)C1(C(C(C(C(C1(F)F)(F)F)(F)F)(F)F)(F)F)F,1809.912725
PI348,*C(C*)NC(=O)OC(C)(C)C,3465.646022
PI349,*C(C*)OC(=O)C(C(C(C(C(C(C(C(C(F)(F)F)(F)F)(F)F)(F)F)(F)F)(F)F)(F)F)(F)F)(F)F,1741.934076
PI350,*C(C*)OC(=O)C(C(C(C(C(F)(F)F)(F)F)(F)F)(F)F)(F)F,1848.544899
PI351,*C(C*)OC(=O)C(C(C(C(C(C(C(F)(F)F)(F)F)(F)F)(F)F)(F)F)(F)F)(F)F,1769.425138
PI352,*C(C*)OC(=O)C(C(F)(F)F)(F)F,2001.049682
PI353,*C(C*)OC(=O)C(C(C(C(F)(F)F)(F)F)(F)F)(F)F,1894.027556
PI354,*C(C*)OC(=O)c1ccncc1,2804.147257
PI355,*C(C*)OC(=O)c1ccc(cc1)C(C)C,3274.440496
PI356,*C(C*)OC(=O)C(C(C)C)(C(C)C)C,3785.889848
PI357,*C(C*)OC(=O)c1c(cccc1)OC,3083.097251
PI358,*C(C*)OC(=O)c1cc(ccc1)OC,2993.890605
PI359,*C(C*)OC(=O)c1ccc(cc1)OC,3022.147804
PI360,*C(C*)OC(=O)c1c(cccc1)C,2996.522881
PI361,*C(C*)OC(=O)c1cc(ccc1)C,2964.298875
PI362,*C(C*)OC(=O)c1ccc(cc1)C,3019.208553
PI363,*C(C*)OC(=O)CC(c1ccccc1)(C)C,3289.47458
PI364,*C(C*)OC(=O)C(CCC)(C)C,3800.46194
PI365,*C(C*)OC(=O)C(C(CC)(C)C)(C)C,3800.867587
PI366,*C(C*)OC(=O)C(C(C(C)C)C)(C)C,4007.153683
PI367,*C(C*)OC(=O)C(CC(C)(C)C)(C)C,3751.307109
PI368,*C(C*)OC(=O)c1cnccc1,2869.67728
PI369,*C(C*)OC(=O)c1cc(ccc1)[N+](=O)[O-],2552.024461
PI370,*C(C*)OC(=O)CCCCCCC,4043.175414
PI371,*C(C*)OC(C(F)(F)F)(C(F)(F)F)F,1820.22411
PI372,*C(C*)OC(=O)CCl,2497.069403
PI373,*C(C*)C1=CC=CS1,2598.546024
PI374,*C(C*)OCCCl,2907.644053
PI375,*C(C*)OCCOC,3689.579745
PI376,*C(C*)OCC(F)(F)F,2534.620624
PI377,*C(C*)(CC(=O)OCCCCCCC)C(=O)OCCCCCCC,3921.895382
PI378,*C(C*)OC(=O)C1CCCC1,3431.808366
PI379,*C(C*)OC(=O)C1(CCCCC1)C,3583.516895
PI380,*C(C*)P(=O)(c1ccccc1)c1ccccc1,2880.701009
PI381,*C(C*)P(=O)(OCC)N(C)C,3289.351236
PI382,*C(C*)P(=O)(N(C)C)Oc1ccccc1,2929.793168
PI383,*C(C*)c1nc(nc(n1)C)C,3171.544445
PI384,*C(C*)OC(=O)CCCCCCCCC,4160.076373
PI385,*C(C*)OC(=O)CCCCC,3876.503966
PI386,*C1c2c(CC1*)cccc2,3179.999419
PI387,*C1C(=O)OC(=O)C1C(C*)OC,2736.102067
PI388,*C(C(C(C*)OC)C(=O)O)C(=O)O,2838.188309
PI389,*C(=CCCC*)c1ccc(cc1)OC,3543.681682
PI390,*C(=CCCC*)c1ccccc1,3511.155855
PI391,*C(=CCCC*)c1ccc(cc1)Cl,2892.040876
PI392,*C(C*)CNc1ccc(cc1)[N+](=O)[O-],2957.14483
PI393,*C(C*)CNc1ncc(cc1)[N+](=O)[O-],2981.56676
PI394,*C(C*)CNc1c(cc(cc1)[N+](=O)[O-])C,3104.979622
PI395,*C(C*)CNc1cc(c(cc1)[N+](=O)[O-])C(F)(F)F,2499.902517
PI396,*C(C*)CNc1c(cc(cc1)[N+](=O)[O-])[N+](=O)[O-],2741.478177
PI397,*C1C(C(C(C1)C*)OC(=O)CCCCCCCCCCOc1ccc(cc1)c1ccc(cc1)C#N)OC(=O)CCCCCCCCCCOc1ccc(cc1)c1ccc(cc1)C#N,3422.157213
PI398,*C1C(CC(C1)C*)OC(=O)CCCCCCCCCCOc1ccc(cc1)c1ccc(cc1)C#N,3350.337906
PI399,*C1C(CC(C1)OC(=O)CCCCCCCCCCOc1ccc(cc1)c1ccc(cc1)C#N)CC*,3502.033475
PI400,*C(C*)N1CNCC1,3842.975394
PI402,*C(C*)OCCCCCCCCCCCCCCCCCC,4484.450463
PI403,*C(C*)OC(=O)c1ccc(cc1)C#N,2655.328497
PI404,*C(C*)OCC(CC(C)C)(C)C,4288.256617
PI405,*C(C(*)(F)F)(OC(C(F)F)F)F,1910.738346
PI406,*C(C*)C(=O)c1ccc(cc1)Br,1900.444769
PI407,*C(C*)OC(=O)CC1CCCC1,3708.270525
PI408,*C(C*)N1C(=O)CCC1,3321.181472
PI409,*C1C(C2C(C1)C(C(C2)CC*)OC(=O)CCCCCCCCCCOc1ccc(cc1)c1ccc(cc1)C#N)OC(=O)CCCCCCCCCCOc1ccc(cc1)c1ccc(cc1)C#N,3542.099094
PI410,*C(C*)C(=O)O,2772.366034
PI411,*C(C*)C(=O)OC,3178.200224
PI412,*C(C*)C(=O)OCC,3355.376705
PI413,*C(C*)C(=O)OCCC,3569.573438
PI414,*C(C*)C(=O)OC(C)C,3585.902483
PI415,*C(C*)C(=O)OCCCC,3891.284197
PI416,*C(C*)C(=O)OCC(C)C,3648.053994
PI418,*C(C*)C(=O)OC(C)(C)C,3639.002148
PI419,*C(C*)C(=O)OCCCCCC,3989.809204
PI420,*C(C*)C(=O)OCCCCCCC,3918.208993
PI421,*C(C*)C(=O)OCCCCCCCC,3963.381938
PI422,*C(C*)C(=O)OCCCCCCCCCCCC,4282.098505
PI423,*C(C*)C(=O)OCCCCCCCCCCCCCC,4250.896528
PI424,*C(C*)C(=O)OCCCCCCCCCCCCCCCC,4265.19058
PI425,*C(C*)C(=O)OCCCCCCCCCCCCCCCCCC,4385.154735
PI426,*C(C*)C(=O)OCCCCCCCCCCCCCCCCCCCCCC,4400.566011
PI427,*C(C*)C(=O)OCC=C,3360.001121
PI428,*C(C*)C(=O)OC1C2(CCC(C1)C2(C)C)C,3592.068263
PI429,*C(C*)C(=O)OCC(F)(F)F,2380.825641
PI430,*C(C*)C(=O)OCC(C(F)(F)F)(F)F,2245.726364
PI431,*C(C*)C(=O)OC(C(F)(F)F)C(F)(F)F,2041.340646
PI432,*C(C*)C(=O)OC(C(F)(F)F)(C(F)(F)F)F,1919.286325
PI433,*C(C*)C(=O)OC(C(Cl)(F)F)(C(F)(F)F)F,1884.403649
PI434,*C(C*)C(=O)OC(C(Cl)(F)F)(C(Cl)(F)F)F,1689.345431
PI435,*C(C*)C(=O)OCC(C(F)C(F)(F)F)(F)F,2238.601879
PI436,*C(C*)C(=O)OCC(C(C(F)(F)F)(F)F)(F)F,2185.700505
PI437,*C(C*)(C(=O)OC)C,3332.915937
PI438,*C(C*)(C(=O)OCC)C,3523.717173
PI439,*CC(*)(C)C(=O)OCCC,3629.456323
PI440,*CC(*)(C)C(=O)OC(C)C,3484.847274
PI441,*C(C*)(C(=O)OCCCC)C,3859.802486
PI442,*CC(*)(C)C(=O)OC(C)CC,3681.087003
PI443,*CC(*)(C)C(=O)OCC(C)C,3757.563752
PI444,*CC(*)(C)C(=O)OC(C)(C)C,3717.043541
PI445,*CC(*)(C)C(=O)OCCCCCC,3892.180874
PI446,*CC(*)(C)C(=O)OCCCCCCCC,4036.043784
PI447,*CC(*)(C)C(=O)OCCCCCCCCCCCC,4177.974231
PI448,*CC(*)(C)C(=O)OC1CCCCC1,3575.948723
PI449,*CC(*)(C)C(=O)Oc1ccccc1,3048.284413
PI450,*CC(*)(C)C(=O)OCc1ccccc1,3157.157629
PI451,*CC(*)(C)C(=O)OCCBr,2315.811119
PI452,*CC(*)(C)C(=O)OCc1ccccc1Cl,2717.477183
PI453,*CC(*)(C)C(=O)OCCO,3728.718374
PI454,*CC(*)(C)C(=O)OCCN(C)C,3672.015455
PI455,*CC(*)C(N)=O,3097.224007
PI456,*CC(*)C(=O)NC(C)C,3872.144324
PI457,*CC(*)C(=O)OC(CC)CC,3798.883002
PI458,*CC(*)C(=O)OC1CCCCC1,3451.938416
PI459,*CC(*)C(=O)OCC(C)(C)C,3659.584118
PI460,*CC(*)C(=O)OCCC#N,2881.565948
PI461,*CC(*)C(=O)N1CCCCC1,3698.870489
PI462,*CC(*)C(=O)N1CCOCC1,3428.683663
PI463,*CC(*)C(=O)Oc1ccccc1,2874.836916
PI464,*CC(*)C(=O)Oc1ccc(OC)cc1,3163.520465
PI465,*CC(*)C(=O)Oc1ccccc1C(=O)OC,2801.940827
PI466,*CC(*)C(=O)Oc1ccccc1C(=O)OCC,2949.585097
PI467,*CC(*)C(=O)Oc1cccc(C(=O)OC)c1,2797.737706
PI468,*CC(*)C(=O)Oc1cccc(C(=O)OCC)c1,2943.15299
PI469,*CC(*)C(=O)Oc1ccc(C(=O)OC)cc1,2813.831132
PI470,*CC(*)C(=O)Oc1ccc(C(=O)OCC)cc1,2951.349674
PI471,*CC(*)C(=O)Oc1ccc(C(=O)OCCCC)cc1,3163.196698
PI472,*CC(*)C(=O)Oc1ccc(-c2ccccc2)cc1,2896.523295
PI473,*CC(*)C(=O)OCc1ccccc1,3118.49244
PI474,*CC(*)C(=O)OCCc1ccccc1,3316.051845
PI475,*CC(*)C(=O)Oc1cccc(N(C)C)c1,3160.316182
PI476,*CC(*)C(=O)Oc1ccc(C#N)cc1,2730.438108
PI477,*CC(*)C(=O)OCc1ccc(C#N)cc1,2919.658036
PI478,*CC(*)C(=O)Oc1ccc(Cl)cc1Cl,2072.557397
PI479,*CC(*)C(=O)Oc1c(Cl)c(Cl)c(Cl)c(Cl)c1Cl,1463.500531
PI480,*CC(*)C(=O)N(C)C,3561.976139
PI481,*CC(*)(C)C(=O)OCCOC,3574.078904
PI482,*CC(*)(C)C(=O)OCC(C)O,3557.53269
PI483,*CC(*)(C)C(=O)OCCC#N,3106.641277
PI485,*CC(*)(C)C(=O)OCCO[N+](=O)[O-],2772.993506
PI486,*CC(*)(C)C(=O)OCCS(=O)CC,3265.144708
PI487,*CC(*)(C)C(=O)Oc1ccc(CC#N)cc1,2885.542068
PI488,*CC(*)(C)C(=O)Oc1ccc(C(=O)OC)cc1,2850.141092
PI489,*CC(*)(CC)C(=O)OCC,3617.10157
PI490,*CC(*)(CC(=O)OCC)C(=O)OCC,3181.565588
PI491,*CC(*)(CC(=O)OCCCC)C(=O)OCCCC,3618.282516
PI492,*CC(*)(CC(=O)OC1CCCCC1)C(=O)OC1CCCCC1,3416.738255
PI493,*CC(*)(CC(=O)OCC1CCCCC1)C(=O)OCC1CCCCC1,3491.159026
PI494,*CC(*)(CC(=O)OCCC1CCCCC1)C(=O)OCCC1CCCCC1,3634.474843
PI495,*CC(*)(CC(=O)OCCCC1CCCCC1)C(=O)OCCCC1CCCCC1,3785.760502
PI496,*CC(*)(CC(=O)Oc1ccccc1)C(=O)Oc1ccccc1,2884.654652
PI497,*CC(*)(CC(=O)OCc1ccccc1)C(=O)OCc1ccccc1,3164.13213
PI498,*CC(*)(CC(=O)OCCc1ccccc1)C(=O)OCCc1ccccc1,3109.680398
PI499,*CC(*)(CC(=O)OCCCc1ccccc1)C(=O)OCCCc1ccccc1,3473.02424
PI500,*CC(*)(C)C(=O)Oc1ccc(C#N)cc1,2807.547405
PI501,*CC(*)(CC(=O)OC)C(=O)OC,3266.388338
PI502,*C(*)C(=O)OCC,3169.214602
PI503,*C(*)C(=O)OC,2942.961142
PI504,*C(*)C(=O)OCCC,3460.356815
PI505,*CC(*)(CC(=O)OCCC)C(=O)OCCC,3520.689793
PI506,*CC(*)C(=O)OCCO,3185.566284
PI507,*CC(*)(CCC(C)C(=O)OC)C(=O)OC,3532.691906
PI508,*CC(*)C(=O)OC1CCCCCCCCCCC1,3793.80436
PI509,*C(C*)Cl,2089.430166
PI510,*C(C*)(F)F,2817.618567
PI511,*CC(*)(Cl)Cl,1421.740503
PI512,*C(F)C(*)(F)F,1825.59677
PI513,*C(F)(F)C(F)(F)*,1574.9772
PI514,*C(C(*)(F)F)(Cl)F,1344.77588
PI515,*CCC=C(*)Cl,2518.662614
PI516,*C(F)(F)C(*)(F)C(F)(F)F,1552.707634
PI517,*/C(=C/CC*)C,4105.429818
PI518,*CC/C=C(\*)C,4186.093683
PI519,*CC/C=C(/*)Cl,2545.973223
PI520,*CC/C=C(\*)Cl,2471.870685
PI521,*CC(*)C=C,3955.765384
PI522,*CCC=C(*)C,4096.184263
PI524,*OCC*,4088.15244
PI525,*OC(C*)C,3764.333756
PI526,*CC(CCl)O*,2407.237421
PI527,*CCCCO*,4477.077549
PI528,*Oc1c(cc(cc1C)*)C,3039.04925
PI529,*Oc1c(OC)cc(*)cc1OC,2788.068296
PI530,*Oc1c(-c2ccccc2)cc(*)cc1-c1ccccc1,2827.191457
PI531,*C(=O)OCCOC(=O)c1ccc(*)o1,2517.37182
PI532,*CCOCCOC(=O)c1cccc(C(=O)O*)c1,2859.136843
PI533,*CCOc1ccc(C(=O)OCCOC(=O)c2ccc(O*)cc2)cc1,2804.016286
PI534,*CCCCOc1ccc(C(=O)OCCOC(=O)c2ccc(O*)cc2)cc1,2887.275862
PI535,*Oc1ccc(NC(=O)c2cccc(C(=O)Nc3ccc(*)cc3)c2)cc1,2724.886448
PI536,*Oc1ccc(cc1)S(=O)(=O)c1ccc(cc1)*,2427.274907
PI537,*Oc1ccc(cc1)S(=O)(=O)c1ccc(cc1)Oc1ccc(cc1)C(c1ccc(cc1)*)(C)C,2734.316531
PI538,*Oc1ccc(S(=O)(=O)c2ccc(Oc3ccc(Cc4ccc(*)cc4)cc3)cc2)cc1,2661.595925
PI539,*Oc1ccc(cc1)C(c1ccc(cc1)OCC(C*)O)(C)C,3237.442814
PI540,*CC1CC(*)OC(CCC)O1,3695.460001
PI541,*Oc1ccc(cc1)Oc1ccc(cc1)C(=O)c1ccc(cc1)*,2729.519537
PI542,*Oc1cccc(S(=O)(=O)c2ccc(*)cc2)c1,2399.122479
PI543,*Oc1ccc(S(=O)(=O)c2ccc(Oc3ccc(C(c4ccc(*)cc4)(C(F)(F)F)C(F)(F)F)cc3)cc2)cc1,2293.553644
PI544,*Oc1ccc(S(=O)(=O)c2ccc(Oc3c(C)cc(C(C)(C)c4cc(C)c(*)c(C)c4)cc3C)cc2)cc1,2957.604914
PI545,*Oc1ccc(S(=O)(=O)c2ccc(Oc3ccc(-c4ccc(*)cc4)cc3)cc2)cc1,2564.448152
PI546,*Oc1ccc(Oc2ccc(Oc3ccc(S(=O)(=O)c4ccc(*)cc4)cc3)cc2)cc1,2665.666947
PI547,*c1ccc(-c2nc3cc4nc(*)oc4cc3o2)cc1,2422.87838
PI548,*CCOCC(=O)O*,2964.249851
PI549,*CCOCCOC(=O)c1ccc(-c2ccc(C(=O)O*)cc2)cc1,2890.489966
PI550,*Oc1ccc(S(=O)(=O)c2ccc(Oc3ccc(C(=O)c4cccc(C(=O)c5ccc(*)cc5)c4)cc3)cc2)cc1,2622.65281
PI551,*CCCCCCOC(=O)Nc1ccc(C)c(NC(=O)OCCCCCCOc2ccc(-c3ccc(O*)cc3)cc2)c1,3214.481728
PI552,*CS*,2084.607253
PI553,*CCS*,2850.40855
PI554,*CCCSS*,2505.332066
PI555,*Sc1ccc(cc1)*,2426.803593
PI556,*Oc1ccc(Sc2ccc(OC(*)=O)cc2)cc1,2472.017598
PI557,*OC(=O)CCC(=O)OCC*,2836.743438
PI558,*CCCCOC(=O)CCC(=O)O*,3263.195771
PI560,*OC(=O)CCCCCCCCC(=O)OCC*,3548.270364
PI561,*CCCCCCOC(=O)CCCCCCCCC(=O)O*,3731.205322
PI562,*OC(=O)c1ccc(cc1)C(=O)OCC*,2740.439456
PI563,*OC(=O)c1cc(ccc1)C(=O)OCC*,2749.451436
PI564,*OC(=O)c1ccc(cc1)C(=O)OCCCC*,3129.938861
PI565,*CCCCCCOC(=O)c1ccc(C(=O)O*)cc1,3235.411529
PI566,*Oc1ccc(cc1)C(c1ccc(cc1)OC(=O)c1ccc(cc1)C(=O)*)(C)C,2812.201091
PI567,*Oc1ccc(cc1)C(c1ccc(cc1)OC(=O)c1cc(ccc1)C(=O)*)(C)C,2838.831248
PI568,*OC(=O)c1cc2c(cc1)ccc(c2)C(=O)OCC*,2745.287872
PI569,*OC(=O)c1cc2c(cc1)cc(cc2)C(=O)OCC*,2802.872778
PI570,*CCCCOC(=O)CCCCC(=O)O*,3491.187602
PI571,*Oc1ccc(C2(c3ccc(OC(=O)c4cccc(C(*)=O)c4)cc3)c3ccccc3-c3ccccc32)cc1,2734.51232
PI572,*CCOC(=O)c1cccc2c(C(=O)O*)cccc12,2755.614625
PI573,*CCOC(=O)c1ccc(C(=O)O*)c2ccccc12,2709.95394
PI574,*CCCCCC(=O)O*,3664.212683
PI576,*CCCOC(=O)c1ccc(C(=O)O*)cc1,2883.062502
PI577,*Oc1ccc(cc1)c1ccc(cc1)OC(=O)CCCCCC(=O)*,2900.173274
PI578,*Oc1ccc(-c2ccc(OC(=O)CCCCCCC(*)=O)cc2)cc1,3059.757829
PI579,*Oc1ccc(-c2ccc(OC(=O)CCCCCCCC(*)=O)cc2)cc1,3191.434545
PI580,*Oc1ccc(-c2ccc(OC(=O)CCCCCCCCC(*)=O)cc2)cc1,3171.292853
PI581,*Oc1ccc(-c2ccc(OC(=O)CCCCCCCCCC(*)=O)cc2)cc1,3310.817047
PI582,*Oc1c(cc(cc1)OC(=O)c1ccc(cc1)c1ccc(cc1)C(=O)*)C,2659.242755
PI583,*Oc1ccc(cc1)S(=O)(=O)c1ccc(cc1)OC(=O)c1ccc(cc1)C(=O)*,2431.724373
PI584,*Oc1ccc(-c2ccc(OC(=O)CCCCCCCCCCC(*)=O)cc2)cc1,3836.895283
PI585,*Oc1ccc(-c2ccc(OC(=O)CCCCCCCCCCCC(*)=O)cc2)cc1,3450.457002
PI586,*Oc1ccc(-c2ccc(OC(=O)CCCCCCCCCCCCC(*)=O)cc2)cc1,3568.105647
PI587,*CC1CCC(COC(=O)CCC(=O)O*)CC1,3736.61136
PI589,*OC(C)CC(*)=O,3422.578085
PI590,*OC(C)C(*)=O,2974.963741
PI591,*CC(C)(CCC)C(=O)O*,3676.715396
PI592,*OC(=O)c1ccc(cc1)c1ccc(cc1)C*,2894.181766
PI593,*CC1CCC(COC(=O)CCCCCCCCC(=O)O*)CC1,3676.393557
PI594,*OC(=O)c1ccc(cc1)C(=O)NCCNC(=O)c1ccc(cc1)C(=O)OCCCCCCCCCC*,3304.14116
PI596,*CCOC(=O)C1CCC(C(=O)O*)CC1,3230.697874
PI597,*OC(=O)c1ccc(cc1)c1ccc(cc1)C(=O)OCC*,2785.113208
PI598,*OC(=O)CCCCCNC(=O)CCCCC(=O)NCCCCCC(=O)OCCCCCC*,3845.493464
PI599,*CCCCCCOC(=O)CCCCCCCC(=O)O*,3770.19546
PI600,*CCCCCCOC(=O)c1ccc(-c2ccc(C(=O)O*)cc2)cc1,3151.205285
PI602,*CC(C)(C)COC(=O)CCC(=O)O*,3228.334373
PI603,*Oc1ccc(cc1)C(c1ccc(cc1)OC(=O)CCCCC(=O)*)(C)C,3060.363416
PI604,*CCCCCCOC(=O)c1ccc2cc(C(=O)O*)ccc2c1,3097.983818
PI605,*CCCCCOC(=O)c1ccc2cc(C(=O)O*)ccc2c1,3075.107536
PI606,*CCCCOC(=O)c1ccc2cc(C(=O)O*)ccc2c1,2958.393724
PI607,*CCCOC(=O)c1ccc2cc(C(=O)O*)ccc2c1,2922.510688
PI608,*CCCCNC(=O)CCCCC(=O)N*,3561.590996
PI609,*NC(=O)CCCCC*,3620.647816
PI610,*NC(=O)CCCCC(=O)NCCCCCC*,3816.65677
PI611,*NC(=O)CCCCCCCCC(=O)NCCCCCC*,3763.585585
PI612,*CCCCCCC(=O)N*,3632.118023
PI613,*NC(=O)CCCCCCC*,3762.931593
PI614,*CCCCCCCCNC(=O)CCCCCCCCC(=O)N*,3971.054413
PI615,*CCCCCCCCC(=O)N*,3953.221712
PI616,*CCCCCCCCCC(=O)N*,3857.332471
PI617,*NC(=O)CCCCCCCCCC*,3967.06167
PI618,*CCCCCCCCCCCC(=O)N*,4134.408973
PI619,*CCCCCCCCCCCCC(=O)N*,4050.25078
PI620,*NC(=O)c1ccc(cc1)CC(=O)NCCCCCC*,3340.592667
PI621,*NC(=O)c1cc(ccc1)C(=O)Nc1ccc(cc1)c1ccc(cc1)*,2846.444392
PI622,*CCCCCCNC(=O)c1cccc(C(=O)N*)c1,3275.179719
PI623,*NC(=O)c1ccc(cc1)CC(=O)NCCC*,3092.746602
PI624,*NC1CC(C)(C)CC(C)(CNC(=O)CCCCC(*)=O)C1,3761.481618
PI625,*Cc1cccc(CNC(=O)CCCCC(=O)N*)c1,3228.160941
PI626,*NC(=O)c1ccc(cc1)C(=O)Nc1ccc(cc1)*,2772.204537
PI627,*NC(=O)c1ccc(cc1)C(=O)Nc1ccc(cc1)c1ccc(cc1)*,2761.084568
PI628,*NC(=O)c1ccc(cc1)C(=O)NCCCCCC*,3362.810078
PI629,*CCCCCCCCCNC(=O)c1ccc(C(=O)N*)cc1,3458.481707
PI630,*S(=O)(=O)c1ccc(cc1)NC(=O)CCCCC(=O)Nc1ccc(cc1)*,2926.808391
PI631,*NC(=O)C*,3004.291385
PI632,*NC(CCC(=O)OC)C(*)=O,2953.883217
PI633,*C(=O)CCCCCCCCC(=O)N1CCN(*)CC1,3923.932437
PI634,*CCCC(=O)N*,3313.798257
PI635,*CCCCNC(=O)CCCCCCC(=O)N*,3705.083727
PI636,*CCCCNC(=O)CCCCCCCCC(=O)N*,3779.283539
PI637,*CCCCCCCCCCCNC(=O)CCCCC(=O)N*,3887.292355
PI638,*CCCCCCCCCCCCNC(=O)CCCCCCCCCCC(=O)N*,4067.258827
PI639,*NC(=O)c1ccc(cc1)c1ccc(cc1)C(=O)NCCCCCC*,3177.963716
PI640,*NC(=O)c1ccc(cc1)C(c1ccc(cc1)C(=O)NCCCCCC*)(C)C,3331.780503
PI641,*CCCCCCCCCCC(=O)N(*)C,4157.976237
PI642,*N(C(=O)CCCCC(=O)NCCCCCC*)C,3791.29556
PI643,*N(C(=O)CCCCC(=O)N(CCCCCC*)C)C,4148.897668
PI644,*N1C(CCC1)C(=O)*,3156.472806
PI645,*NC(C(=O)*)CCC(=O)OCc1ccccc1,3363.7712
PI646,*NC(C(=O)*)C,3134.716497
PI648,*NC1CCC(CC2CCC(NC(=O)CCCCCCCCCCCCC(*)=O)CC2)CC1,3864.898379
PI649,*NC(CCC(=O)OCCCCC)C(*)=O,3440.539219
PI651,*NC(CCC(=O)OCCCCCC)C(*)=O,3846.315939
PI652,*NC(CCC(=O)OCC)C(*)=O,3135.602431
PI653,*NC(CCC(=O)OCCC)C(*)=O,3265.188478
PI654,*N(C(=O)c1ccc(cc1)C(=O)N(CCCC*)C)C,3298.824925
PI655,*CCCCCCNC(=O)c1ccc(C2(C)CC(C)(C)c3ccc(C(=O)N*)cc32)cc1,3362.904989
PI656,*OC(=O)NCCCCC*,3368.811251
PI657,*OC(=O)NCCCCCCNC(=O)OCCCC*,3363.988477
PI658,*OC(=O)NCC(C(C(C(CNC(=O)OCCCC*)(F)F)(F)F)(F)F)(F)F,2468.149841
PI659,*OC(=O)Nc1ccc(cc1)Cc1ccc(cc1)NC(=O)OCCCCCC*,3095.909958
PI660,*OC(=O)Nc1ccc(cc1)Cc1ccc(cc1)NC(=O)OCc1cc(ccc1)C*,2956.956946
PI661,*OC(=O)Nc1ccc(cc1)NC(=O)OCC*,2921.538799
PI662,*OC(=O)Nc1cc(ccc1)NC(=O)OCC*,2932.982283
PI663,*OC(=O)Nc1ccc(cc1)NC(=O)OCCCCCC*,3163.442855
PI664,*OC(=O)Nc1ccc(cc1)c1ccc(cc1)NC(=O)OCC*,2997.684779
PI665,*OC(=O)Nc1c2c(ccc1)c(ccc2)NC(=O)OCC*,2795.468901
PI666,*NC(=O)NCCCCCC*,3600.557359
PI667,*NC(=O)NCc1ccc(cc1)CNC(=O)NCCCCCC*,3458.721244
PI668,*NC(=O)NCCCCCCNC(=O)Nc1ccc(cc1)Cc1ccc(cc1)*,3312.505092
PI669,*NC(=O)Nc1ccc(cc1)Cc1ccc(cc1)*,2939.883567
PI670,*C(CCCCNC(=O)NCCCCCCNC(=O)N*)C(=O)OC,3762.570935
PI671,*c1ccc(Oc2ccc(N3C(=O)c4cc5C(=O)N(*)C(=O)c5cc4C3=O)cc2)cc1,2357.151644
PI672,*c1ccc(Oc2ccc(Oc3ccc(N4C(=O)c5cc6C(=O)N(*)C(=O)c6cc5C4=O)cc3)cc2)cc1,2488.281272
PI673,*C(=O)Oc1ccc(OC(=O)c2ccc3c(c2)C(=O)N(c2ccc(Oc4ccc(N5C(=O)c6ccc(*)cc6C5=O)cc4)cc2)C3=O)cc1,2513.485718
PI674,*c1ccc(Sc2ccc(-n3c(=O)c4cc5c(=O)n(*)c(=O)c5cc4c3=O)cc2)cc1,2276.640615
PI675,*n1c(=O)c2cc3c(cc2c1=O)c(=O)n(c3=O)CCCCCCCCC*,3245.392889
PI676,*n1c(=O)c2cc3c(cc2c1=O)c(=O)n(c3=O)c1cc2Cc3c(c2cc1)ccc(c3)*,2402.511755
PI677,*c1ccc(Oc2ccc(N3C(=O)c4ccc(Oc5ccc6c(c5)C(=O)N(*)C6=O)cc4C3=O)cc2)cc1,2405.546968
PI678,*c1cc2c(C(=O)N(C2=O)c2ccc(cc2)S(=O)(=O)c2ccc(cc2)N2C(=O)c3c(C2=O)cc(cc3)C(=O)Nc2ccc(cc2)NC(=O)*)cc1,2382.935754
PI679,*c1ccc2c(c1)C(=O)N(c1ccc(Cc3ccc(N4C(=O)c5ccc(C(F)(F)C(F)(F)C(*)(F)F)cc5C4=O)cc3)cc1)C2=O,2277.547361
PI680,*c1cc2c(C(=O)N(C2=O)c2ccc(cc2)Oc2ccc(cc2)N2C(=O)c3c(C2=O)cc(cc3)C(C(C(*)(F)F)(F)F)(F)F)cc1,2344.495558
PI681,*c1cc2c(C(=O)N(C2=O)c2ccc(cc2)S(=O)(=O)c2ccc(cc2)N2C(=O)c3c(C2=O)cc(cc3)C(=O)Nc2ccc(cc2)Oc2ccc(cc2)NC(=O)*)cc1,2418.974272
PI683,*c1ccc(-c2ccc(-c3ccc(-n4c(=O)c5cc6c(=O)n(*)c(=O)c6cc5c4=O)cc3)cc2)cc1,2574.211483
PI684,*c1ccc(Cc2ccc(-n3c(=O)c4cc5c(=O)n(*)c(=O)c5cc4c3=O)c(C)c2)cc1C,2595.277616
PI685,*c1ccc(N2C(=O)c3cc4C(=O)N(*)C(=O)c4cc3C2=O)cc1,2312.28129
PI686,*c1ccc(-c2ccc(-n3c(=O)c4cc5c(=O)n(*)c(=O)c5cc4c3=O)cc2)cc1,2435.327707
PI687,*c1ccc(-c2ccc(-n3c(=O)c4cc5c(=O)n(*)c(=O)c5cc4c3=O)c(C)c2)cc1C,2590.482971
PI688,*c1ccc(-c2ccc(-n3c(=O)c4cc5c(=O)n(*)c(=O)c5cc4c3=O)c(OC)c2)cc1OC,2565.697774
PI689,*c1cccc(N2C(=O)c3cc4C(=O)N(*)C(=O)c4cc3C2=O)c1,2311.006558
PI690,*c1ccc(-n2c(=O)c3cc4c(=O)n(*)c(=O)c4cc3c2=O)c(C)c1,2450.238768
PI691,*c1cccc(-n2c(=O)c3cc4c(=O)n(*)c(=O)c4cc3c2=O)c1C,2408.61923
PI692,*c1c(C)c(C)c(-n2c(=O)c3cc4c(=O)n(*)c(=O)c4cc3c2=O)c(C)c1C,2588.391733
PI694,*c1ccc(Oc2cccc(Oc3ccc(N4C(=O)c5cc6C(=O)N(*)C(=O)c6cc5C4=O)cc3)c2)cc1,2529.948592
PI695,*c1ccc(Oc2ccc(-c3ccc(Oc4ccc(-n5c(=O)c6cc7c(=O)n(*)c(=O)c7cc6c5=O)cc4)cc3)cc2)cc1,2535.345995
PI696,*c1cccc(Oc2ccc(S(=O)(=O)c3ccc(Oc4cccc(-n5c(=O)c6cc7c(=O)n(*)c(=O)c7cc6c5=O)c4)cc3)cc2)c1,2447.780572
PI697,*c1ccc(Oc2ccc(C(c3ccc(Oc4ccc(-n5c(=O)c6cc7c(=O)n(*)c(=O)c7cc6c5=O)cc4)cc3)(C(F)(F)F)C(F)(F)F)cc2)cc1,2277.835106
PI698,*c1ccc(Oc2ccc(C(C)(C)c3ccc(Oc4ccc(N5C(=O)c6cc7C(=O)N(*)C(=O)c7cc6C5=O)cc4)cc3)cc2)cc1,2661.081306
PI699,*c1ccc(Oc2ccc(N3C(=O)c4ccc(-c5ccc6c(c5)C(=O)N(*)C6=O)cc4C3=O)cc2)cc1,2511.967277
PI700,*c1ccc(Oc2ccc(N3C(=O)c4ccc(-c5cccc6c5C(=O)N(*)C6=O)cc4C3=O)cc2)cc1,2522.024354
PI701,*N1C(=O)c2c(C1=O)cc(cc2)c1cc2c(C(=O)N(C2=O)c2ccc(cc2)Sc2ccc(cc2)*)cc1,2397.878547
PI702,*c1ccc(Cc2ccc(N3C(=O)c4ccc(-c5ccc6c(c5)C(=O)N(*)C6=O)cc4C3=O)cc2)cc1,2575.361816
PI703,*c1ccc2c(c1)Cc1cc(N3C(=O)c4ccc(-c5ccc6c(c5)C(=O)N(*)C6=O)cc4C3=O)ccc1-2,2514.564372
PI704,*N1C(=O)c2c(C1=O)cc(cc2)c1cc2c(C(=O)N(C2=O)c2ccc(cc2)c2ccc(cc2)*)cc1,2511.971824
PI705,*c1ccc(N2C(=O)c3ccc(-c4ccc5c(c4)C(=O)N(*)C5=O)cc3C2=O)cc1,2492.770789
PI706,*c1cccc(N2C(=O)c3ccc(-c4ccc5c(c4)C(=O)N(*)C5=O)cc3C2=O)c1,2474.048081
PI707,*c1ccc(C)c(N2C(=O)c3ccc(-c4ccc5c(c4)C(=O)N(*)C5=O)cc3C2=O)c1,2517.624035
PI708,*c1ccc(N2C(=O)c3ccc(-c4ccc5c(c4)C(=O)N(*)C5=O)cc3C2=O)c(C)c1,2560.718714
PI709,*c1cccc(N2C(=O)c3ccc(-c4ccc5c(c4)C(=O)N(*)C5=O)cc3C2=O)c1C,2509.715934
PI710,*c1ccc(-c2ccc(N3C(=O)c4ccc(-c5ccc6c(c5)C(=O)N(*)C6=O)cc4C3=O)c(C)c2)cc1C,2640.35097
PI711,*c1ccc(-c2ccc(N3C(=O)c4ccc(-c5ccc6c(c5)C(=O)N(*)C6=O)cc4C3=O)c(OC)c2)cc1OC,2587.000183
PI712,*c1ccc(-c2ccc(-c3ccc(N4C(=O)c5ccc(-c6ccc7c(c6)C(=O)N(*)C7=O)cc5C4=O)cc3)cc2)cc1,2556.54508
PI713,*c1cccc2c(N3C(=O)c4ccc(-c5ccc6c(c5)C(=O)N(*)C6=O)cc4C3=O)cccc12,2478.561662
PI714,*c1ccc(Cc2ccc(N3C(=O)c4ccc(-c5ccc6c(c5)C(=O)N(*)C6=O)cc4C3=O)c(C)c2)cc1C,2673.882565
PI715,*c1ccc(N2C(=O)c3ccc(-c4ccc5c(c4)C(=O)N(*)C5=O)cc3C2=O)nc1,2388.35861
PI716,*c1ccc(Oc2ccc(-c3ccc(Oc4ccc(N5C(=O)c6ccc(-c7ccc8c(c7)C(=O)N(*)C8=O)cc6C5=O)cc4)cc3)cc2)cc1,2584.277412
PI717,*c1ccc(Oc2ccc(C(C)(C)c3ccc(Oc4ccc(N5C(=O)c6ccc(-c7ccc8c(c7)C(=O)N(*)C8=O)cc6C5=O)cc4)cc3)cc2)cc1,2734.443642
PI718,*c1ccc(Oc2ccc(C(c3ccc(Oc4ccc(N5C(=O)c6ccc(-c7ccc8c(c7)C(=O)N(*)C8=O)cc6C5=O)cc4)cc3)(C(F)(F)F)C(F)(F)F)cc2)cc1,2352.648244
PI719,*c1cccc(Oc2ccc(S(=O)(=O)c3ccc(Oc4cccc(N5C(=O)c6ccc(-c7ccc8c(c7)C(=O)N(*)C8=O)cc6C5=O)c4)cc3)cc2)c1,2443.797419
PI720,*N1C(=O)c2c(C1=O)cc(cc2)Oc1cc2c(C(=O)N(C2=O)CCCCCC*)cc1,2711.11393
PI721,*c1ccc(N2C(=O)c3ccc(Oc4ccc5c(c4)C(=O)N(*)C5=O)cc3C2=O)cc1,2444.377374
PI722,*N1C(=O)c2c(C1=O)cc(cc2)Oc1cc2c(C(=O)N(C2=O)c2ccc(cc2)c2ccc(cc2)*)cc1,2473.33359
PI723,*c1cccc(Oc2ccc(N3C(=O)c4ccc(Oc5ccc6c(c5)C(=O)N(*)C6=O)cc4C3=O)cc2)c1,2460.248294
PI724,*c1ccc(Oc2cccc(Oc3ccc(N4C(=O)c5ccc(Oc6ccc7c(c6)C(=O)N(*)C7=O)cc5C4=O)cc3)c2)cc1,2486.051862
PI725,*c1ccc(Oc2ccc(Oc3ccc(N4C(=O)c5ccc(Oc6ccc7c(c6)C(=O)N(*)C7=O)cc5C4=O)cc3)cc2)cc1,2514.232995
PI726,*c1cccc(Oc2ccc(N3C(=O)c4ccc(C(c5ccc6c(c5)C(=O)N(*)C6=O)(C(F)(F)F)C(F)(F)F)cc4C3=O)cc2)c1,2261.152473
PI727,*c1ccc(Oc2ccc(N3C(=O)c4ccc(C(c5ccc6c(c5)C(=O)N(*)C6=O)(C(F)(F)F)C(F)(F)F)cc4C3=O)cc2)cc1,2263.071502
PI728,*c1ccc(Oc2ccc(Oc3ccc(N4C(=O)c5ccc(C(c6ccc7c(c6)C(=O)N(*)C7=O)(C(F)(F)F)C(F)(F)F)cc5C4=O)cc3)cc2)cc1,2296.947167
PI729,*c1ccc2c(c1)C(=O)N(c1ccc(Oc3cccc(Oc4ccc(N5C(=O)c6ccc(C(*)(C(F)(F)F)C(F)(F)F)cc6C5=O)cc4)c3)cc1)C2=O,2262.331348
PI730,*c1ccc2c(c1)C(=O)N(c1cccc(Oc3cccc(Oc4cccc(N5C(=O)c6ccc(C(*)(C(F)(F)F)C(F)(F)F)cc6C5=O)c4)c3)c1)C2=O,2342.231103
PI731,*c1cc2c(C(=O)N(C2=O)c2cc(ccc2)C(=O)c2cc(ccc2)N2C(=O)c3c(C2=O)cc(cc3)C(=O)*)cc1,2498.90992
PI732,*c1cc2c(C(=O)N(C2=O)c2cc(ccc2)NC(=O)c2cc(ccc2)N2C(=O)c3c(C2=O)cc(cc3)C(=O)*)cc1,2483.438235
PI733,*C(=O)c1ccc2c(c1)C(=O)N(c1cccc(C(=O)Nc3ccc(N4C(=O)c5ccc(*)cc5C4=O)cc3)c1)C2=O,2437.634098
PI734,*C(=O)c1ccc2c(c1)C(=O)N(c1ccc(C(=O)Nc3cccc(N4C(=O)c5ccc(*)cc5C4=O)c3)cc1)C2=O,2485.109125
PI735,*C(=O)c1ccc2c(c1)C(=O)N(c1cccc(C(=O)N(C)c3ccc(N4C(=O)c5ccc(*)cc5C4=O)cc3)c1)C2=O,2529.626212
PI736,*C(=O)c1ccc2c(c1)C(=O)N(c1ccc(Oc3ccc(C(=O)c4cccc(C(=O)c5ccc(Oc6ccc(N7C(=O)c8ccc(*)cc8C7=O)cc6)cc5)c4)cc3)cc1)C2=O,2634.780994
PI737,*c1cccc(N2C(=O)c3ccc(C(=O)c4ccc5c(c4)C(=O)N(*)C5=O)cc3C2=O)c1,2368.583478
PI738,*C(=O)c1ccc2c(c1)C(=O)N(c1ccc(C)c(N3C(=O)c4ccc(*)cc4C3=O)c1)C2=O,2556.995123
PI739,*C(=O)c1ccc2c(c1)C(=O)N(c1ccc(N3C(=O)c4ccc(*)cc4C3=O)c(C)c1)C2=O,2389.144107
PI740,*C(=O)c1ccc2c(c1)C(=O)N(c1cccc(N3C(=O)c4ccc(*)cc4C3=O)c1C)C2=O,2464.388592
PI741,*C(=O)c1ccc2c(c1)C(=O)N(c1c(C)c(C)c(N3C(=O)c4ccc(*)cc4C3=O)c(C)c1C)C2=O,2688.806025
PI742,*C(=O)c1ccc2c(c1)C(=O)N(c1ccc(-c3ccc(N4C(=O)c5ccc(*)cc5C4=O)c(C)c3)cc1C)C2=O,2555.739162
PI743,*C(=O)c1ccc2c(c1)C(=O)N(c1ccc(-c3ccc(N4C(=O)c5ccc(*)cc5C4=O)c(OC)c3)cc1OC)C2=O,2482.932957
PI744,*C(=O)c1ccc2c(c1)C(=O)N(c1ccc(-c3ccc(-c4ccc(N5C(=O)c6ccc(*)cc6C5=O)cc4)cc3)cc1)C2=O,2643.817527
PI745,*C(=O)c1ccc2c(c1)C(=O)N(c1ccc3c(c1)Cc1cc(N4C(=O)c5ccc(*)cc5C4=O)ccc1-3)C2=O,2477.850016
PI746,*c1ccc(Oc2ccc(N3C(=O)c4ccc(C(=O)c5ccc6c(c5)C(=O)N(*)C6=O)cc4C3=O)cc2)cc1,2426.43919
PI747,*C(=O)c1ccc2c(c1)C(=O)N(c1ccc(Sc3ccc(N4C(=O)c5ccc(*)cc5C4=O)cc3)cc1)C2=O,2390.694652
PI748,*C(=O)c1ccc2c(c1)C(=O)N(c1ccc(Cc3ccc(N4C(=O)c5ccc(*)cc5C4=O)cc3)cc1)C2=O,2577.430968
PI749,*C(=O)c1ccc2c(c1)C(=O)N(c1ccc(Cc3ccc(N4C(=O)c5ccc(*)cc5C4=O)c(C)c3)cc1C)C2=O,2632.453931
PI750,*C(=O)c1ccc2c(c1)C(=O)N(c1ccc(N3C(=O)c4ccc(*)cc4C3=O)nc1)C2=O,2337.757841
PI751,*C(=O)c1ccc2c(c1)C(=O)N(c1ccc(-c3ccc(N4C(=O)c5ccc(*)cc5C4=O)cc3)cc1)C2=O,2517.812081
PI752,*c1ccc(N2C(=O)c3ccc(C(=O)c4ccc5c(c4)C(=O)N(*)C5=O)cc3C2=O)cc1,2383.888569
PI753,*c1cc2c(C(=O)N(C2=O)c2cc(ccc2)OCCOCCOc2cc(ccc2)N2C(=O)c3c(C2=O)cc(cc3)C(=O)*)cc1,2629.805807
PI754,*C(=O)c1ccc2c(c1)C(=O)N(c1ccc(Oc3ccc(-c4ccc(Oc5ccc(N6C(=O)c7ccc(*)cc7C6=O)cc5)cc4)cc3)cc1)C2=O,2569.198314
PI755,*c1ccc(Oc2ccc(C(C)(C)c3ccc(Oc4ccc(N5C(=O)c6ccc(C(=O)c7ccc8c(c7)C(=O)N(*)C8=O)cc6C5=O)cc4)cc3)cc2)cc1,2694.661101
PI758,*N1C(=O)c2c(C1=O)cc(cc2)Oc1ccc(cc1)S(=O)(=O)c1ccc(cc1)Oc1cc2c(C(=O)N(C2=O)c2cc(ccc2)S(=O)(=O)c2cc(ccc2)*)cc1,2404.697828
PI759,*c1cccc(N2C(=O)c3ccc(Oc4ccc(C(C)(C)c5ccc(Oc6ccc7c(c6)C(=O)N(*)C7=O)cc5)cc4)cc3C2=O)c1,2589.4107
PI760,*N1C(=O)c2c(C1=O)cc(cc2)Oc1ccc(cc1)S(=O)(=O)c1ccc(cc1)Oc1cc2c(C(=O)N(C2=O)c2cc(ccc2)*)cc1,2405.823738
PI761,*N1C(=O)c2c(C1=O)cc(cc2)Oc1ccc(cc1)S(=O)(=O)c1ccc(cc1)Oc1cc2c(C(=O)N(C2=O)c2ccc(cc2)Oc2ccc(cc2)*)cc1,2402.436771
PI762,*c1ccc2c(c1)C(=O)N(c1ccc(Cc3ccc(N4C(=O)c5ccc(C(*)(C(F)(F)F)C(F)(F)F)cc5C4=O)cc3)cc1)C2=O,2365.283044
PI763,*c1ccc2c(c1)C(=O)N(c1ccc(C(C)(C)c3ccc(N4C(=O)c5ccc(C(*)(C(F)(F)F)C(F)(F)F)cc5C4=O)cc3)cc1)C2=O,2399.468648
PI764,*C(=O)NCCNC(=O)c1ccc(N2C(=O)c3ccc(*)cc3C2=O)cc1,2674.113662
PI765,*c1cc2c(C(=O)N(C2=O)c2ccc(cc2)C(=O)NCCCCCCNC(=O)*)cc1,2878.146128
PI766,*C(=O)Nc1ccc(Cc2ccc(NC(=O)c3ccc(N4C(=O)c5ccc(*)cc5C4=O)cc3)cc2)cc1,2704.778446
PI767,*C(=O)NC1CCC(CC2CCC(NC(=O)c3ccc(N4C(=O)c5ccc(*)cc5C4=O)cc3)CC2)CC1,3115.796628
PI768,*c1cccc(N2C(=O)c3ccc(Oc4ccc5c(c4)C(=O)N(*)C5=O)cc3C2=O)c1,2495.171048
PI769,*N1C(=O)c2c(C1=O)cc(cc2)Oc1cc2c(C(=O)N(C2=O)c2ccc(cc2)Cc2ccc(cc2)*)cc1,2567.169804
PI770,*c1ccc(Oc2ccc(N3C(=O)c4ccc(Oc5ccc(C(c6ccc(Oc7ccc8c(c7)C(=O)N(*)C8=O)cc6)(C(F)(F)F)C(F)(F)F)cc5)cc4C3=O)cc2)cc1,2386.866978
PI771,*c1cccc(Oc2ccc(N3C(=O)c4ccc(-c5ccc6c(c5)C(=O)N(*)C6=O)cc4C3=O)cc2)c1,2434.623421
PI772,*C(=O)Nc1ccccc1NC(=O)c1ccc(N2C(=O)c3ccc(*)cc3C2=O)cc1,2593.163577
PI773,*C(=O)Nc1cccc(NC(=O)/C=C/c2cccc(N3C(=O)c4ccc(*)cc4C3=O)c2)c1,2774.113818
PI774,*C(=O)Nc1cccc(/C=C/C(=O)/C=C/c2cccc(NC(=O)c3ccc(N4C(=O)c5ccc(*)cc5C4=O)cc3)c2)c1,2649.670784
PI775,*c1ccc2c(c1)C(=O)N(c1ccc(Oc3ccc(N4C(=O)c5ccc(C(C)(C)CCCCC(*)(C)C)cc5C4=O)cc3)cc1)C2=O,2885.937408
PI776,*c1ccc(Oc2cccc3c(Oc4ccc(-n5c(=O)c6cc7c(=O)n(*)c(=O)c7cc6c5=O)cc4)cccc23)cc1,2522.374617
PI777,*N1C(=O)c2c(C1=O)cc(cc2)Oc1cc2c(C(=O)N(C2=O)c2ccc(cc2)Oc2c3c(ccc2)c(ccc3)Oc2ccc(cc2)*)cc1,2497.92911
PI778,*C(=O)c1ccc2c(c1)C(=O)N(c1ccc(Oc3cccc4c(Oc5ccc(N6C(=O)c7ccc(*)cc7C6=O)cc5)cccc34)cc1)C2=O,2585.30764
PI779,*c1ccc2c(c1)C(=O)N(c1ccc(Oc3ccc(C(c4ccc(Oc5ccc(N6C(=O)c7ccc(C(*)(C(F)(F)F)C(F)(F)F)cc7C6=O)cc5)cc4)(C(F)(F)F)C(F)(F)F)cc3)cc1)C2=O,2261.17008
PI780,*c1ccc(N2C(=O)c3ccc(C(c4ccc5c(c4)C(=O)N(*)C5=O)(C(F)(F)F)C(F)(F)F)cc3C2=O)cc1,2141.275333
PI781,*c1ccc2c(c1)C(=O)N(c1ccc(C(c3ccc(N4C(=O)c5ccc(C(*)(C(F)(F)F)C(F)(F)F)cc5C4=O)cc3)(C(F)(F)F)C(F)(F)F)cc1)C2=O,2190.596438
PI782,*c1ccc2c(c1)C(=O)N(c1c(C)cc(C)c(N3C(=O)c4ccc(C(*)(C(F)(F)F)C(F)(F)F)cc4C3=O)c1C)C2=O,2332.996677
PI783,*c1ccc2c(c1)C(=O)N(c1c(C)c(C)c(N3C(=O)c4ccc(C(*)(C(F)(F)F)C(F)(F)F)cc4C3=O)c(C)c1C)C2=O,2324.696869
PI784,*c1ccc(Oc2cc3ccccc3cc2Oc2ccc(N3C(=O)c4ccc(-c5ccc6c(c5)C(=O)N(*)C6=O)cc4C3=O)cc2)cc1,2588.546246
PI785,*c1ccc(Oc2cc3ccccc3cc2Oc2ccc(N3C(=O)c4ccc(Oc5ccc6c(c5)C(=O)N(*)C6=O)cc4C3=O)cc2)cc1,2546.806292
PI786,*C(=O)c1ccc2c(c1)C(=O)N(c1ccc(Oc3cc4ccccc4cc3Oc3ccc(N4C(=O)c5ccc(*)cc5C4=O)cc3)cc1)C2=O,2489.409529
PI787,*c1ccc(Oc2cc3ccccc3cc2Oc2ccc(N3C(=O)c4ccc(S(=O)(=O)c5ccc6c(c5)C(=O)N(*)C6=O)cc4C3=O)cc2)cc1,2492.655475
PI788,*c1ccc(C(c2ccccc2)(c2ccc(-n3c(=O)c4cc5c(=O)n(*)c(=O)c5cc4c3=O)cc2)C(F)(F)F)cc1,2443.912719
PI789,*c1ccc(N2C(=O)c3ccc(-c4cccc5c4C(=O)N(*)C5=O)cc3C2=O)cc1,2421.664338
PI790,*CC1(C)CC(*)(C)C(=O)OC1=O,3002.816976
PI791,*OC(=O)OCCCCCC*,3534.268732
PI792,*OC(=O)OCC(C(C(C(C*)(F)F)(F)F)(F)F)(F)F,2112.67345
PI793,*Oc1ccc(cc1)C(c1ccc(cc1)OC(=O)*)(C)C,2953.21119
PI794,*Oc1ccc(C(C)(CCC)c2ccc(OC(*)=O)cc2)cc1,3083.469373
PI795,*Oc1ccc(C(C)(C)c2ccc(OC(*)=O)c(C)c2)cc1C,3088.970407
PI796,*Oc1c(Cl)cc(C(C)(C)c2cc(Cl)c(OC(*)=O)c(Cl)c2)cc1Cl,2032.475771
PI797,*Oc1c(Br)cc(C(C)(C)c2cc(Br)c(OC(*)=O)c(Br)c2)cc1Br,1397.976291
PI798,*Oc1ccc(C(C)(c2ccccc2)c2ccc(OC(*)=O)cc2)cc1,2821.429005
PI799,*Oc1ccc(C(CCC)(CCC)c2ccc(OC(*)=O)cc2)cc1,3135.723507
PI800,*Oc1ccc(cc1)C1(CCCC1)c1ccc(cc1)OC(=O)*,2966.172396
PI801,*Oc1ccc(C2(c3ccc(OC(*)=O)cc3)CCCCC2)cc1,3012.346252
PI802,*Oc1ccc(C2(c3ccc(OC(*)=O)c(C)c3)CCCCC2)cc1C,3277.128288
PI803,*Oc1ccc(cc1)C1(c2ccccc2c2ccccc12)c1ccc(cc1)OC(=O)*,2803.476484
PI804,*Oc1ccc(cc1)C(c1ccc(cc1)OC(=O)*)(c1ccccc1)c1ccccc1,2785.680517
PI805,*Oc1ccc(cc1)C(c1ccc(cc1)OC(=O)*)(C(F)(F)F)C(F)(F)F,2242.435483
PI806,*Oc1ccc(cc1)C(c1ccc(cc1)OC(=O)*)(c1ccccc1)C#N,2677.003113
PI807,*Oc1c(C)cc(C(C)(C)c2cc(C)c(OC(*)=O)c(C)c2)cc1C,3199.14969
PI808,*Oc1c(cc(cc1)C(c1ccc(cc1)C(c1cc(c(cc1)OC(=O)*)C)(C)C)(C)C)C,3179.537551
PI809,*Oc1cc(ccc1)CCCCCCCCCCc1cc(ccc1)OC(=O)*,3556.915088
PI810,*Oc1ccc(C(C)(C)c2ccc(OC(*)=O)c(C(C)C)c2)cc1C(C)C,3307.816653
PI811,*Oc1ccc(cc1)C(=O)CCCCCCCCC(=O)c1ccc(cc1)OC(=O)*,3133.41065
PI812,*Oc1ccc(cc1)S(=O)(=O)c1ccc(cc1)OC(=O)*,2330.707005
PI813,*OC(=O)OCc1ccc(cc1)C*,2921.597154
PI814,*Oc1ccc(C(=C(Cl)Cl)c2ccc(OC(*)=O)cc2)cc1,2150.200607
PI815,*Oc1ccc(cc1)OC(=O)Oc1ccc(cc1)c1ccc(cc1)OC(=O)*,2560.958543
PI816,*Oc1cc2c(cc1)ccc(c2)OC(=O)Oc1ccc(cc1)OC(=O)*,2635.199813
PI817,*Oc1c2c(ccc1)c(ccc2)OC(=O)Oc1ccc(cc1)OC(=O)*,2542.374578
PI818,*c1ccc(-c2nc3cc(-c4ccc5nc(-c6ccccc6)c(*)nc5c4)ccc3nc2-c2ccccc2)cc1,2836.67591
PI819,*c1ccc(-c2nc3cc(-c4ccc5nc(*)c(-c6ccccc6)nc5c4)ccc3nc2-c2ccccc2)cc1,2775.715639
PI820,*c1cccc(-c2nc3cc(-c4ccc5nc(*)c(-c6ccccc6)nc5c4)ccc3nc2-c2ccccc2)c1,2743.152385
PI821,*c1ccc(-c2nc3cc(-c4ccc5nc(*)c(-c6ccc7ccccc7c6)nc5c4)ccc3nc2-c2ccc3ccccc3c2)cc1,2696.96704
PI822,*c1cccc(-c2nc3cc(-c4ccc5nc(*)c(-c6ccc7ccccc7c6)nc5c4)ccc3nc2-c2ccc3ccccc3c2)c1,2806.71128
PI823,*N=P(*)(OCC(F)(F)F)OCC(F)(F)F,1943.58361
PI825,*Oc1ccc(C(=O)c2ccc(*)cc2)cc1,2690.814698
PI826,*CCCCCCS(*)(=O)=O,3536.184469
PI827,*OS(=O)(=O)c1ccc(*)cc1,2115.531926
PI828,*c1ccc(*)cc1,2963.276051
PI829,*CCc1ccc(*)c(C)c1,3416.647069
PI830,*CCc1cc(C)c(*)cc1C,3471.686114
PI831,*CCc1ccc(*)c(Cl)c1,2542.127564
PI832,*c1ccc(C(Cl)(Cl)C(*)Cl)cc1,1855.857564
PI833,*C1CCC(*)C1,3950.641893
PI834,*C1C2CC(C)C(C2)C1*,3775.485679
PI835,*C1CC2CC1C(*)C2CCCC,4031.237599
PI836,*C1CC2CC1C(*)C2CCCCCC,4244.038469
PI837,*CC(*)(C)c1ccc2ccccc2c1,3210.945119
PI838,*CCC(c1ccccc1)C(*)c1ccccc1,3337.419469
PI840,*/C(Cl)=C(/*)c1ccccc1,2331.303118
PI841,*/C=C(/*)c1ccc(C#C)cc1,2892.503284
PI842,*/C=C(/*)c1cccc(C#C)c1,2863.231932
PI843,*/C=C/C(C(=O)OCc1ccc(Cl)cc1)C(*)C(=O)OCc1ccc(Cl)cc1,2583.109594
PI844,*/C=C(/*)c1ccc(-c2ccc(C#C)cc2)cc1,2986.541474
PI845,*CC(*)C(=O)OCC(C)O,3395.444443
PI846,*CC(*)(CC(=O)OCCCCCCCC)C(=O)OCCCCCCCC,4071.527871
PI847,*CC(*)(CC(=O)OCCCCCCCCC)C(=O)OCCCCCCCCC,3972.829746
PI848,*CC(*)C(=O)n1c2ccccc2c2ccccc21,2905.369317
PI849,*CC(*)C(=O)OC(OCC)C(F)(F)F,2612.646344
PI850,*CC(*)(C)C(=O)OC(OCC)C(F)(F)F,2781.915622
PI851,*CC(*)(CC(=O)Oc1ccc(OCCCCCCC)cc1)C(=O)Oc1ccc(OCCCCCCC)cc1,3705.402475
PI852,*CC(*)(C)C(=O)Oc1c(C)cccc1C,3154.522543
PI853,*CC(*)(C)C(=O)OCCCCCCN(C)c1ccc(/N=N/c2ccc(S(C)(=O)=O)cc2)cc1,3132.087688
PI854,*C([2H])([2H])C(*)(C(=O)OC([2H])([2H])[2H])C([2H])([2H])[2H],3825.035565
PI855,*C(*)C(=O)OC(C)C,3308.734443
PI856,*CC(*)(C)C(=O)Oc1c(C(C)C)cccc1C(C)C,3466.36151
PI857,*CC(*)(C)C(=O)OCC(=O)c1ccccc1,3120.635546
PI858,*CC(*)(C)C(=O)OCc1ccc(Cl)c(Cl)c1,2409.069958
PI859,*CC(*)(C)C(=O)OCc1cccc(Cl)c1,2838.134804
PI860,*CC(*)(C)C(=O)OCc1ccc(Cl)cc1,2625.75447
PI861,*CC(*)(C)C(=O)OCc1cccc(Cl)c1Cl,2389.104745
PI862,*CC(*)(C)C(=O)OCc1ccc(Cl)cc1Cl,2354.742102
PI863,*CC(*)(C)C(=O)OCc1cc(Cl)ccc1Cl,2380.625254
PI864,*CC(*)(C)C(=O)OCc1c(Cl)cccc1Cl,2366.796905
PI865,*CC(*)(C)C(=O)OCc1cc(Cl)cc(Cl)c1,2431.268838
PI866,*/C=C(/*)C(C)(C)C,4024.433054
PI867,*C1C(*)C2CC1C1C=CCC12,3458.881594
PI868,*/C(C)=C(/*)C(C)C,4072.498149
PI869,*OC1C(CO)OC(*)C(O)C1O,2938.331526
PI870,*Oc1cc(C)c(*)c(C)c1Br,1942.79782
PI871,*CCC(C)CO*,4105.667141
PI872,*Oc1ccc2[nH]c(-c3ccc4c(c3)-c3cc(-c5nc6cc(*)ccc6[nH]5)ccc3S4(=O)=O)nc2c1,2483.201821
PI873,*C1Oc2ccccc2C1*,2811.634305
PI874,*Oc1ccc2[nH]c(-c3ccc4sc5ccc(-c6nc7cc(*)ccc7[nH]6)cc5c4c3)nc2c1,2487.735711
PI875,*OC(F)(F)C(F)(F)C(*)(F)F,1735.900244
PI876,*c1ccc(Oc2ccc(C(=O)c3ccc(Oc4ccc(C5(*)OC(=O)c6ccccc65)cc4)cc3)cc2)cc1,2712.106222
PI877,*Oc1cccc(Oc2cccc(*)c2)c1C#N,2653.433901
PI878,*C(=O)Oc1ccc(C(C)(C)c2ccc(OC(=O)c3ccc4c(c3)C(=O)n3c-4nc4ccc(Oc5ccc6c(c5)nc5n6C(=O)c6ccc(*)cc6-5)cc43)cc2)cc1,2571.628996
PI879,*Oc1ccc(NC(=O)c2ccc(C(c3ccc(C(=O)O)c(C(=O)Nc4cc(*)ccc4N)c3)(C(F)(F)F)C(F)(F)F)cc2C(=O)O)c(N)c1,2432.364334
PI880,*c1ccc2c(c1)-c1nc3cc(Oc4ccc5c(c4)nc4n5C(=O)c5cc(C(*)(C(F)(F)F)C(F)(F)F)ccc5-4)ccc3n1C2=O,2248.709667
PI881,*Oc1ccc(S(=O)(=O)c2ccc(Oc3ccc(C(C)(C)c4ccc(*)cc4)cc3[N+](=O)[O-])cc2)cc1,2718.308454
PI882,*Oc1ccc(S(=O)(=O)c2ccc(Oc3ccc(C(C)(C)c4ccc(*)cc4)cc3)c([N+](=O)[O-])c2)cc1[N+](=O)[O-],2497.221732
PI883,*Oc1ccc(S(=O)(=O)c2ccc(Oc3c(C)cc(C(c4cc(C)c(*)c(C)c4)(C(F)(F)F)C(F)(F)F)cc3C)cc2)cc1,2469.412933
PI885,*CC(=C)COCC(=C)COC(=O)O*,3185.871687
PI886,*OC1C(COC(C)=O)OC(*)C(OC(C)=O)C1OC(C)=O,2870.327405
PI887,*Oc1ccc(SC(=O)Sc2ccc(*)cc2)cc1,2239.785797
PI888,*Oc1ccc(SC(=O)Oc2ccc(C(C)(C)c3ccc(OC(=O)Sc4ccc(*)cc4)cc3)cc2)cc1,2556.648293
PI889,*Oc1ccc(NC(=O)c2cc(C(c3ccc(C(=O)O)c(C(=O)Nc4ccc(Oc5ccc(C(c6ccc(*)cc6)(C(F)(F)F)C(F)(F)F)cc5)cc4)c3)(C(F)(F)F)C(F)(F)F)ccc2C(=O)O)cc1,2363.579265
PI890,*OC1C(CO)OC(*)C(N)C1O,3555.152554
PI891,*Oc1ccc(S(=O)(=O)c2ccc(Oc3ccc(C(=O)c4cc(Br)cc(C(=O)c5ccc(*)cc5)c4)cc3)cc2)cc1,2243.72633
PI892,*Oc1ccc(S(=O)(=O)c2ccc(Oc3ccc(C(=O)c4cc(I)cc(C(=O)c5ccc(*)cc5)c4)cc3)cc2)cc1,2083.142803
PI893,*Oc1ccc(S(=O)(=O)c2ccc(Oc3ccc(C(=O)c4cc(C(=O)c5ccc(*)cc5)cc(C(C)(C)C)c4)cc3)cc2)cc1,2726.120024
PI894,*Oc1ccc(C(c2ccc(Oc3ccc(C(=O)c4cccc(C(=O)c5ccc(*)cc5)c4)cc3)cc2)(C(F)(F)F)C(F)(F)F)cc1,2440.699485
PI896,*Oc1ccc(C(=O)Nc2cccc(C(O)Cc3ccc(NC(=O)c4ccc(*)cc4)cc3)c2)cc1,2893.701364
PI897,*C1(OC(C(C1(C(C(*)(F)F)(F)F)F)(F)F)(F)F)F,1647.761541
PI898,*Oc1cc(C(C)(C)C)c(Oc2ccc(C(=O)Nc3ccc(C(C)(C)c4ccc(NC(=O)c5ccc(*)cc5)cc4)cc3)cc2)cc1C(C)(C)C,3207.056189
PI899,*Oc1cc(C(C)(C)C)c(Oc2ccc(C(=O)Nc3ccc(C(C)(C)c4ccc(NC(=O)c5ccc(*)cc5)c(C)c4)cc3C)cc2)cc1C(C)(C)C,3153.289327
PI900,*Oc1cc(C(C)(C)C)c(Oc2ccc(C(=O)Nc3c(C)cc(C(C)(C)c4cc(C)c(NC(=O)c5ccc(*)cc5)c(C)c4)cc3C)cc2)cc1C(C)(C)C,3210.87398
PI901,*Oc1cc(C(C)(C)C)c(Oc2ccc(C(=O)Nc3c(C)cc(Cc4cc(C)c(NC(=O)c5ccc(*)cc5)c(C(C)C)c4)cc3C(C)C)cc2)cc1C(C)(C)C,3222.898444
PI902,*Oc1cc(C(C)(C)C)c(Oc2ccc(C(=O)Nc3ccc(C(c4ccc(NC(=O)c5ccc(*)cc5)cc4)(C(F)(F)F)C(F)(F)F)cc3)cc2)cc1C(C)(C)C,2804.576224
PI903,*Oc1ccc(Oc2ccc(C(=O)c3ccc(C(=O)c4ccc(*)cc4)c4ccccc34)cc2)cc1,2774.19416
PI907,*Oc1ccc(S(=O)(=O)c2ccc(Oc3ccc(C(C)(C)c4ccc(*)c(C(O)(C(F)(F)F)C(F)(F)F)c4)cc3C(O)(C(F)(F)F)C(F)(F)F)cc2)cc1,2269.976529
PI908,*Oc1ccc(S(=O)(=O)c2ccc(Oc3ccc(C(C)(C)c4ccc(*)c(C(OC)(C(F)(F)F)C(F)(F)F)c4)cc3C(OC)(C(F)(F)F)C(F)(F)F)cc2)cc1,2350.246228
PI909,*Oc1ccc(S(=O)(=O)c2ccc(Oc3c(C)cc(C(C)(C)c4cc(C)c(*)c(C)c4)cc3C)cc2C(O)(C(F)(F)F)C(F)(F)F)c(C(O)(C(F)(F)F)C(F)(F)F)c1,2363.873372
PI910,*Oc1ccc2c(c1)nc1n2C(=O)c2ccc(-c3ccc4c(c3)C(=O)n3c-4nc4ccc(*)cc43)cc2-1,2503.515637
PI911,*Oc1ccc2c(c1)nc1c3cc4c(=O)n5c6cc(*)ccc6nc5c4cc3c(=O)n21,2354.881283
PI913,*c1ccc2c(c1)-c1nc3cc(Oc4ccc5nc6n(c5c4)C(=O)c4cc(C(*)(C(F)(F)F)C(F)(F)F)ccc4-6)ccc3n1C2=O,2228.369809
PI914,*c1ccc(*)s1,2010.793459
PI915,*c1ccc2c(c1)-c1cc(-c3nc4cc(-c5ccc6[nH]c(*)nc6c5)ccc4[nH]3)ccc1S2(=O)=O,2479.540458
PI916,*Cc1ccc2[nH]c(-c3ccc4c(c3)-c3cc(-c5nc6cc(*)ccc6[nH]5)ccc3S4(=O)=O)nc2c1,2538.47778
PI917,*c1ccc2sc3ccc(-c4nc5cc(-c6ccc7[nH]c(*)nc7c6)ccc5[nH]4)cc3c2c1,2572.535477
PI918,*Cc1ccc2[nH]c(-c3ccc4sc5ccc(-c6nc7cc(*)ccc7[nH]6)cc5c4c3)nc2c1,2541.524719
PI919,*c1cc(CCCC)c(*)s1,3041.097483
PI920,*Oc1ccc(C(C)(c2ccccc2)c2ccc(OC(=O)c3cccc(C(*)=O)c3)cc2)cc1,2795.568189
PI921,*Oc1ccc(C(c2ccccc2)(c2ccccc2)c2ccc(OC(=O)c3cccc(C(*)=O)c3)cc2)cc1,2827.066447
PI922,*Oc1ccc(C(C)(C)c2ccc(OC(=O)c3ccc(C(=O)c4ccc(C(*)=O)cc4)cc3)cc2)cc1,2797.043762
PI923,*CCCCCCCCOC(=O)c1cccc(C(=O)O*)c1,3345.960232
PI925,*c1cc(Br)c(OC(=O)c2ccc(C(=O)Oc3c(Br)cc(C4(*)OC(=O)c5ccccc54)cc3Br)cc2)c(Br)c1,1540.589638
PI926,*CCCCCCS(=O)(=O)c1ccc(/N=N/c2ccc(N(C)CCCCCC(=O)O*)cc2)cc1,3236.835154
PI927,*CCCS(=O)(=O)c1ccc(/N=N/c2ccc(N(CCCC)CC(=O)O*)cc2)cc1,2923.286076
PI928,*Oc1ccc(OC(=O)c2cc(OCCCCCCCCCCCC)c(C(*)=O)cc2OCCCCCCCCCCCC)cc1,3688.803075
PI929,*Oc1ccc2c(c1)C1(CC2(C)C)CC(C)(C)c2ccc(OC(=O)c3ccc(C(*)=O)cc3)cc21,2951.452549
PI930,*Oc1ccc2c(c1)C1(CC2(C)C)CC(C)(C)c2ccc(OC(=O)c3cccc(C(*)=O)c3)cc21,2931.612735
PI931,*CCOC(=O)NCC1(C)CC(NC(=O)O*)CC(C)(C)C1,3424.902331
PI932,*Oc1ccc(C(C)(C)c2ccc(OC(=O)c3ccccc3/C=C/c3ccc(/C=C/c4ccccc4C(*)=O)cc3)cc2)cc1,2997.830834
PI933,*Oc1ccc(C(C)(C)c2ccc(OC(=O)c3ccccc3/C=C/c3ccc(/C=C/c4ccccc4C(*)=O)cc3)c(C)c2)cc1C,2956.563808
PI934,*Oc1ccc(S(=O)(=O)c2ccc(OC(=O)c3ccccc3/C=C/c3ccc(/C=C/c4ccccc4C(*)=O)cc3)cc2)cc1,2706.513804
PI935,*c1ccc(OC(=O)c2ccccc2/C=C/c2ccc(/C=C/c3ccccc3C(=O)Oc3ccc(C4(*)OC(=O)c5ccccc54)cc3)cc2)cc1,2778.691234
PI936,*Oc1cccc2c(OC(=O)c3ccccc3/C=C/c3ccc(/C=C/c4ccccc4C(*)=O)cc3)cccc12,2811.861353
PI937,*Oc1cccc2ccc(OC(=O)c3ccccc3/C=C/c3ccc(/C=C/c4ccccc4C(*)=O)cc3)cc12,2861.482844
PI938,*Oc1ccc2ccc(OC(=O)c3ccccc3/C=C/c3ccc(/C=C/c4ccccc4C(*)=O)cc3)cc2c1,2786.992532
PI939,*Oc1cccc(OC(=O)c2ccccc2/C=C/c2ccc(/C=C/c3ccccc3C(*)=O)cc2)c1,2837.526556
PI940,*Oc1ccccc1OC(=O)c1ccccc1/C=C/c1ccc(/C=C/c2ccccc2C(*)=O)cc1,2791.965104
PI941,*Oc1ccc(OC(=O)c2ccccc2/C=C/c2ccc(/C=C/c3ccccc3C(*)=O)cc2)cc1,2783.526784
PI943,*CCCCCCCCCCCCNC(=O)CCCCCCCCCCCCCCCCCCC(=O)N*,4119.609128
PI944,*Nc1ccc(NC(=O)c2cc(C(*)=O)c(C(=O)OCC)cc2C(=O)OCC)cc1,2791.160392
PI945,*Nc1cccc(C(O)Cc2ccc(NC(=O)c3ccc(C(*)=O)cc3)cc2)c1,2934.178763
PI946,*c1ccc2c(c1)-c1nc3cc(-c4ccc5nc6n(c5c4)C(=O)c4cc(C(*)(C(F)(F)F)C(F)(F)F)ccc4-6)ccc3n1C2=O,2226.592748
PI947,*CC(C)CNC(=O)O*,3184.782898
PI948,*c1ccc(Oc2cccc(Oc3ccc(N4C(=O)c5ccc(-c6ccc7c(c6)C(=O)N(*)C7=O)cc5C4=O)cc3)c2)cc1,2547.527187
PI949,*c1cccc(N2C(=O)c3ccc(C(c4ccc5c(c4)C(=O)N(*)C5=O)(C(F)(F)F)C(F)(F)F)cc3C2=O)c1,2189.756268
PI950,*c1ccc2c(c1)C(=O)N(c1cccc(S(=O)(=O)c3cccc(N4C(=O)c5ccc(C(*)(C(F)(F)F)C(F)(F)F)cc5C4=O)c3)c1)C2=O,2176.650773
PI951,*c1cc2c(C(=O)N(C2=O)c2ccc(cc2)Oc2ccc(cc2)NC(=O)*)cc1,2526.779486
PI952,*c1ccc(S(=O)(=O)c2ccc(N3C(=O)c4cc5C(=O)N(*)C(=O)c5cc4C3=O)cc2)cc1,2300.925893
PI953,*c1cccc(Oc2ccc(N3C(=O)c4cc5C(=O)N(*)C(=O)c5cc4C3=O)cc2)c1,2414.701069
PI954,*c1ccc(-c2ccc(N3C(=O)c4ccc(-c5ccc6c(c5)C(=O)N(*)C6=O)cc4C3=O)cc2C(F)(F)F)c(C(F)(F)F)c1,2266.211816
PI955,*C(=O)Oc1ccc(C(C)(C)c2ccc(OC(=O)c3ccc4c(c3)C(=O)N(c3ccc(-c5ccc(N6C(=O)c7ccc(*)cc7C6=O)c(C)c5)cc3C)C4=O)cc2)cc1,2715.873693
PI956,*C(=O)Oc1ccc(C(C)(C)c2ccc(OC(=O)c3ccc4c(c3)C(=O)N(c3ccc(Oc5ccc(N6C(=O)c7ccc(*)cc7C6=O)cc5)cc3)C4=O)cc2)cc1,2563.631028
PI958,*C(=O)Oc1ccc(C(C)(C)c2ccc(OC(=O)c3ccc4c(c3)C(=O)N(c3ccc(-c5ccc(N6C(=O)c7ccc(*)cc7C6=O)cc5)cc3)C4=O)cc2)cc1,2669.8289
PI959,*c1ccc2c(c1)C(=O)N(c1ccc3c(c1)-c1cc(N4C(=O)c5ccc(C(*)(C(F)(F)F)C(F)(F)F)cc5C4=O)ccc1C3)C2=O,2284.90546
PI960,*C(=O)Nc1ccc(NC(=O)c2ccc(N3C(=O)c4ccc(*)cc4C3=O)cc2)cc1,2676.448219
PI961,*c1ccc(Oc2ccc(C(c3ccc(Oc4ccc(N5C(=O)c6ccc(Oc7ccc8c(c7)C(=O)N(*)C8=O)cc6C5=O)cc4)cc3)(C(F)(F)F)C(F)(F)F)cc2)cc1,2384.251555
PI962,*c1cccc(Oc2cccc(Oc3cccc(-n4c(=O)c5cc6c(=O)n(*)c(=O)c6cc5c4=O)c3)c2)c1,2461.613152
PI963,*c1ccc(Oc2ccc(S(=O)(=O)c3ccc(Oc4ccc(N5C(=O)c6ccc(C(=O)c7ccc8c(c7)C(=O)N(*)C8=O)cc6C5=O)cc4)cc3)cc2)cc1,2474.671664
PI964,*c1ccc(Oc2ccc(S(=O)(=O)c3ccc(Oc4ccc(N5C(=O)c6ccc(Oc7ccc8c(c7)C(=O)N(*)C8=O)cc6C5=O)cc4)cc3)cc2)cc1,2428.686951
PI965,*c1ccc(Oc2cccc(Oc3ccc(N4C(=O)c5ccc(C(=O)c6ccc7c(c6)C(=O)N(*)C7=O)cc5C4=O)cc3)c2)cc1,2500.366064
PI966,*c1ccc(Oc2ccc(S(=O)(=O)c3ccc(Oc4ccc(N5C(=O)c6cc7C(=O)N(*)C(=O)c7cc6C5=O)cc4)cc3)cc2)cc1,2436.573519
PI967,*c1ccc(-c2ccc(-n3c(=O)c4cc5c(=O)n(*)c(=O)c5cc4c3=O)cc2C(F)(F)F)c(C(F)(F)F)c1,2123.856754
PI968,*c1ccc(S(=O)(=O)c2ccc(N3C(=O)c4ccc(-c5ccc6c(c5)C(=O)N(*)C6=O)cc4C3=O)cc2)cc1,2393.77624
PI969,*C(=O)c1ccc2c(c1)C(=O)N(c1ccc(C3(c4ccc(N5C(=O)c6ccc(*)cc6C5=O)cc4)c4ccccc4-c4ccccc43)cc1)C2=O,2564.991522
PI970,*CCCCCCN1C(=O)c2ccc(C(c3ccc4c(c3)C(=O)N(*)C4=O)(C(F)(F)F)C(F)(F)F)cc2C1=O,2554.686641
PI971,*c1ccc2c(c1)C(=O)N(c1c(C)cc(Cc3cc(C)c(N4C(=O)c5ccc(C(*)(C(F)(F)F)C(F)(F)F)cc5C4=O)c(C)c3)cc1C)C2=O,2482.355125
PI972,*c1ccc2c(c1)C(=O)N(c1c(CC)cc(Cc3cc(CC)c(N4C(=O)c5ccc(C(*)(C(F)(F)F)C(F)(F)F)cc5C4=O)c(CC)c3)cc1CC)C2=O,2690.639334
PI973,*c1ccc2c(c1)C(=O)N(c1c(C(C)C)cc(Cc3cc(C(C)C)c(N4C(=O)c5ccc(C(*)(C(F)(F)F)C(F)(F)F)cc5C4=O)c(C(C)C)c3)cc1C(C)C)C2=O,2796.079426
PI974,*c1ccc2c(c1)C(=O)N(c1cc(N3C(=O)c4ccc(C(*)(C(F)(F)F)C(F)(F)F)cc4C3=O)ccc1C)C2=O,2232.464166
PI975,*c1ccc(S(=O)(=O)c2ccc(N3C(=O)c4ccc(C(c5ccc6c(c5)C(=O)N(*)C6=O)(C(F)(F)F)C(F)(F)F)cc4C3=O)cc2)cc1,2167.513384
PI976,*c1ccc(S(=O)(=O)c2ccc(N3C(=O)c4ccc(C(=O)c5ccc6c(c5)C(=O)N(*)C6=O)cc4C3=O)cc2)cc1,2415.14934
PI977,*c1ccc(-c2ccc(-n3c(=O)c4cc5c(=O)n(*)c(=O)c5cc4c3=O)cc2OC(F)(F)F)c(OC(F)(F)F)c1,2120.21065
PI978,*C1CCC(N2C(=O)c3ccc(-c4ccc5c(c4)C(=O)N(*)C5=O)cc3C2=O)CC1,2738.031851
PI979,*c1cc(C(c2ccc(O)c(-n3c(=O)c4cc5c(=O)n(*)c(=O)c5cc4c3=O)c2)(C(F)(F)F)C(F)(F)F)ccc1O,2231.658635
PI980,*c1ccc2c(c1)C(=O)N(c1ccc(C(c3ccc(C)c(N4C(=O)c5ccc(C(*)(C(F)(F)F)C(F)(F)F)cc5C4=O)c3)(C(F)(F)F)C(F)(F)F)cc1C)C2=O,2246.901965
PI981,*c1ccc2c(c1)C(=O)N(c1ccc(Oc3ccc(-c4ccc(Oc5ccc(N6C(=O)c7ccc(C(*)(C(F)(F)F)C(F)(F)F)cc7C6=O)cc5)cc4)cc3)cc1)C2=O,2331.162815
PI983,*c1ccc(Oc2ccc(S(=O)(=O)c3ccc(Oc4ccc(N5C(=O)c6ccc(C(c7ccc8c(c7)C(=O)N(*)C8=O)(C(F)(F)F)C(F)(F)F)cc6C5=O)cc4)cc3)cc2)cc1,2288.016806
PI984,*c1ccc2c(c1)C(=O)N(c1cccc(Oc3ccc(S(=O)(=O)c4ccc(Oc5cccc(N6C(=O)c7ccc(C(*)(C(F)(F)F)C(F)(F)F)cc7C6=O)c5)cc4)cc3)c1)C2=O,2389.139432
PI985,*c1ccc(C(C)(C)c2ccc(N3C(=O)c4ccc(Oc5ccc6c(c5)C(=O)N(*)C6=O)cc4C3=O)cc2)cc1,2655.62505
PI986,*c1cccc(N2C(=O)c3ccc(Oc4ccc5c(c4)C4(CC(C)(C)c6ccc(Oc7ccc8c(c7)C(=O)N(*)C8=O)cc64)CC5(C)C)cc3C2=O)c1,2841.411572
PI987,*c1ccc(S(=O)(=O)c2ccc(N3C(=O)c4ccc(Oc5ccc6c(c5)C(=O)N(*)C6=O)cc4C3=O)cc2)cc1,2320.225507
PI989,*c1ccc2c(c1)C(=O)N(c1ccc(Oc3ccc(N4C(=O)c5ccc(C(C)(C)CCCCCCCCC(*)(C)C)cc5C4=O)cc3)cc1)C2=O,3026.773895
PI990,*C(=O)Nc1cccc(NC(=O)c2ccc(N3C(=O)c4ccc(*)cc4C3=O)cc2)c1,2800.338216
PI991,*C(=O)c1ccc2c(c1)C(=O)N(c1ccc(C(=O)Nc3ccc(N4C(=O)c5ccc(*)cc5C4=O)cc3)cc1)C2=O,2508.255166
PI992,*c1cccc(Oc2ccc(N3C(=O)c4ccc(C(=O)c5ccc6c(c5)C(=O)N(*)C6=O)cc4C3=O)cc2)c1,2434.141261
PI993,*c1ccc(-c2sc(-c3ccc(-n4c(=O)c5cc6c(=O)n(*)c(=O)c6cc5c4=O)cc3)c(-c3ccccc3)c2-c2ccccc2)cc1,2567.370293
PI995,*c1ccc(C(c2ccc(N3C(=O)c4cc5c(cc4C3=O)C(C(F)(F)F)(C(F)(F)F)c3cc4c(cc3O5)C(=O)N(*)C4=O)cc2)(C(F)(F)F)C(F)(F)F)cc1,2080.703726
PI996,*c1ccc2c(c1)C(=O)N(c1cc(C(c3ccc(O)c(N4C(=O)c5ccc(C(*)(C(F)(F)F)C(F)(F)F)cc5C4=O)c3)(C(F)(F)F)C(F)(F)F)ccc1O)C2=O,2023.677446
PI997,*c1ccc(Oc2c(C)cc(Cc3cc(C)c(Oc4ccc(-n5c(=O)c6cc7c(=O)n(*)c(=O)c7cc6c5=O)cc4)c(C)c3)cc2C)cc1,2872.563581
PI998,*c1ccc(Oc2c(C)cc(Cc3cc(C)c(Oc4ccc(N5C(=O)c6ccc(-c7ccc8c(c7)C(=O)N(*)C8=O)cc6C5=O)cc4)c(C)c3)cc2C)cc1,2755.686385
PI999,*C(=O)c1ccc2c(c1)C(=O)N(c1ccc(Oc3c(C)cc(Cc4cc(C)c(Oc5ccc(N6C(=O)c7ccc(*)cc7C6=O)cc5)c(C)c4)cc3C)cc1)C2=O,2688.390572
PI1000,*c1ccc2c(c1)C(=O)N(c1ccc(Oc3c(C)cc(Cc4cc(C)c(Oc5ccc(N6C(=O)c7ccc(C(*)(C(F)(F)F)C(F)(F)F)cc7C6=O)cc5)c(C)c4)cc3C)cc1)C2=O,2548.97132
PI1001,*c1c(C)cc(C(c2cc(C)c(N3C(=O)c4ccc(-c5ccc6c(c5)C(=O)N(*)C6=O)cc4C3=O)c(C)c2)c2cccc3ccccc23)cc1C,2771.673685
PI1002,*C(=O)c1ccc2c(c1)C(=O)N(c1c(C)cc(C(c3cc(C)c(N4C(=O)c5ccc(*)cc5C4=O)c(C)c3)c3cccc4ccccc34)cc1C)C2=O,2751.331225
PI1003,*c1ccc2c(c1)C(=O)N(c1c(C)cc(C(c3cc(C)c(N4C(=O)c5ccc(C(*)(C(F)(F)F)C(F)(F)F)cc5C4=O)c(C)c3)c3cccc4ccccc34)cc1C)C2=O,2586.561375
PI1004,*c1ccc(Oc2c(C)cc(C(c3cc(C)c(Oc4ccc(-n5c(=O)c6cc7c(=O)n(*)c(=O)c7cc6c5=O)cc4)c(C)c3)c3cccc4ccccc34)cc2C)cc1,2791.506245
PI1005,*c1ccc(Oc2c(C)cc(C(c3cc(C)c(Oc4ccc(N5C(=O)c6ccc(-c7ccc8c(c7)C(=O)N(*)C8=O)cc6C5=O)cc4)c(C)c3)c3cccc4ccccc34)cc2C)cc1,2766.854666
PI1006,*c1ccc2c(c1)C(=O)N(c1ccc(Oc3c(C)cc(C(c4cc(C)c(Oc5ccc(N6C(=O)c7ccc(C(*)(C(F)(F)F)C(F)(F)F)cc7C6=O)cc5)c(C)c4)c4cccc5ccccc45)cc3C)cc1)C2=O,2606.411123
PI1007,*/C=C/C1CC(*)C2C(=O)N(CCCCC)C(=O)C12,3506.257601
PI1008,*/C=C/C1CC(*)C2C(=O)N(CCCCCC)C(=O)C12,3662.101498
PI1009,*c1cccc(P(=O)(c2cccc(-n3c(=O)c4cc5c(=O)n(*)c(=O)c5cc4c3=O)c2)c2cc(C(F)(F)F)cc(C(F)(F)F)c2)c1,2223.74772
PI1010,*c1cccc(P(=O)(c2ccc(C(F)(F)F)cc2)c2cccc(-n3c(=O)c4cc5c(=O)n(*)c(=O)c5cc4c3=O)c2)c1,2268.467626
PI1011,*c1cccc(P(=O)(c2ccccc2)c2cccc(-n3c(=O)c4cc5c(=O)n(*)c(=O)c5cc4c3=O)c2)c1,2405.130475
PI1012,*Oc1c(C)cc(C(C)(C)c2cc(C)c(ON3C(=O)c4ccc(Oc5ccc(C6(c7ccc(Oc8ccc9c(c8)C(=O)N(*)C9=O)cc7)CCC(C(C)(C)C)CC6)cc5)cc4C3=O)c(C)c2)cc1C,3009.113376
PI1013,*c1ccc(Oc2ccc(C(c3ccc(Oc4ccc(N5C(=O)c6ccc(Oc7ccc(C8(c9ccc(Oc%10ccc%11c(c%10)C(=O)N(*)C%11=O)cc9)CCC(C(C)(C)C)CC8)cc7)cc6C5=O)cc4)cc3)(C(F)(F)F)C(F)(F)F)cc2)cc1,2672.747253
PI1014,*c1ccc(Oc2ccc(Oc3ccc(N4C(=O)c5ccc(Oc6ccc(C7(c8ccc(Oc9ccc%10c(c9)C(=O)N(*)C%10=O)cc8)CCC(C(C)(C)C)CC7)cc6)cc5C4=O)cc3)c(C(C)(C)C)c2)cc1,2940.634238
PI1017,*c1ccc(Oc2ccc(C3(c4ccc(Oc5ccc(N6C(=O)c7ccc(Oc8ccc(C9(c%10ccc(Oc%11ccc%12c(c%11)C(=O)N(*)C%12=O)cc%10)CCC(C(C)(C)C)CC9)cc8)cc7C6=O)cc5)cc4)CC4CC3C3CCCC43)cc2)cc1,2946.480245
PI1018,*C(=O)Nc1cccc(C#Cc2cccc(N3C(=O)c4ccc(*)cc4C3=O)c2)c1,2638.605545
PI1021,*c1ccc(Oc2ccc(NC(=O)CN3C(=O)c4ccc(C(c5ccc6c(c5)C(=O)N(CC(=O)Nc5ccc(Oc7ccc(-c8nnc(*)o8)cc7)cc5)C6=O)(C(F)(F)F)C(F)(F)F)cc4C3=O)cc2)cc1,2463.108961
PI1023,*c1ccc(Oc2c(C)cc(C(C)(C)c3cc(C)c(Oc4ccc(N5C(=O)c6ccc(Oc7ccc(C8(c9ccc(Oc%10ccc%11c(c%10)C(=O)N(*)C%11=O)cc9)CCC(c9ccccc9)CC8)cc7)cc6C5=O)cc4)c(C)c3)cc2C)cc1,2928.875859
PI1025,*c1ccc(Oc2ccc(Oc3ccc(N4C(=O)c5ccc(Oc6ccc(C7(c8ccc(Oc9ccc%10c(c9)C(=O)N(*)C%10=O)cc8)CCC(c8ccccc8)CC7)cc6)cc5C4=O)cc3)c(C(C)(C)C)c2)cc1,2846.581904
PI1026,*c1ccc(Oc2ccc(-c3ccc(Oc4ccc(N5C(=O)c6ccc(Oc7ccc(C8(c9ccc(Oc%10ccc%11c(c%10)C(=O)N(*)C%11=O)cc9)CCC(c9ccccc9)CC8)cc7)cc6C5=O)cc4)cc3C)c(C)c2)cc1,2838.699408
PI1028,*c1ccc(Oc2ccc(N3C(=O)c4ccc(Oc5ccc(C6(c7ccc(Oc8ccc9c(c8)C(=O)N(*)C9=O)cc7)CCC(c7ccccc7)CC6)cc5)cc4C3=O)cc2)cc1,2784.94161
PI1029,*c1ccc(Oc2ccccc2Oc2ccc(-n3c(=O)c4cc5c(=O)n(*)c(=O)c5cc4c3=O)cc2)cc1,2487.472144
PI1030,*c1ccc(Oc2ccc(Oc3ccc(-n4c(=O)c5cc6c(=O)n(*)c(=O)c6cc5c4=O)cc3)cc2C(C)(C)C)cc1,2661.287595
PI1031,*c1ccc(Oc2ccc(Oc3ccc(-n4c(=O)c5cc6c(=O)n(*)c(=O)c6cc5c4=O)cc3)cc2-c2ccccc2)cc1,2610.189192
PI1032,*c1ccc(Oc2cc(C(C)(C)C)ccc2Oc2ccc(-n3c(=O)c4cc5c(=O)n(*)c(=O)c5cc4c3=O)cc2)cc1,2661.314414
PI1033,*c1ccc(Oc2ccc(Oc3ccc(N4C(=O)c5ccc(-c6ccc7c(c6)C(=O)N(*)C7=O)cc5C4=O)cc3)cc2)cc1,2600.882778
PI1034,*c1ccc(Oc2ccccc2Oc2ccc(N3C(=O)c4ccc(-c5ccc6c(c5)C(=O)N(*)C6=O)cc4C3=O)cc2)cc1,2548.72475
PI1035,*c1ccc(Oc2ccc(Oc3ccc(N4C(=O)c5ccc(-c6ccc7c(c6)C(=O)N(*)C7=O)cc5C4=O)cc3)c(C(C)(C)C)c2)cc1,2672.575868
PI1036,*c1ccc(Oc2ccc(Oc3ccc(N4C(=O)c5ccc(-c6ccc7c(c6)C(=O)N(*)C7=O)cc5C4=O)cc3)c(-c3ccccc3)c2)cc1,2611.661583
PI1037,*c1ccc(Oc2cc(C(C)(C)C)ccc2Oc2ccc(N3C(=O)c4ccc(-c5ccc6c(c5)C(=O)N(*)C6=O)cc4C3=O)cc2)cc1,2671.319956
PI1038,*c1ccc(Oc2ccc(-c3ccc(Oc4ccc(N5C(=O)c6ccc(Oc7cccc(Oc8ccc9c(c8)C(=O)N(*)C9=O)c7)cc6C5=O)cc4)cc3)cc2)cc1,2619.551254
PI1039,*c1ccc(Oc2ccc(C3(c4ccc(Oc5ccc(N6C(=O)c7ccc(Oc8ccc(C9(c%10ccc(Oc%11ccc%12c(c%11)C(=O)N(*)C%12=O)cc%10)CCC(c%10ccccc%10)CC9)cc8)cc7C6=O)cc5)cc4)CC4CC3C3CCCC43)cc2)cc1,2836.34446
PI1041,*C(=O)c1ccc2c(c1)C(=O)N(c1cc(C(c3ccc(O)c(N4C(=O)c5ccc(*)cc5C4=O)c3)(C(F)(F)F)C(F)(F)F)ccc1O)C2=O,2266.243072
PI1042,*c1ccc(Oc2ccc(-c3ccc(Oc4ccc(N5C(=O)c6ccc(Oc7ccc(C8(c9ccc(Oc%10ccc%11c(c%10)C(=O)N(*)C%11=O)cc9)CCCCCCCCCCC8)cc7)cc6C5=O)cc4)cc3C)c(C)c2)cc1,2928.554915
PI1043,*c1ccc(Cc2ccc(N3C(=O)c4ccc(Oc5ccc(C6(c7ccc(Oc8ccc9c(c8)C(=O)N(*)C9=O)cc7)CCCCCCCCCCC6)cc5)cc4C3=O)cc2)cc1,3081.083693
PI1044,*c1ccc(Oc2ccc(Oc3ccc(N4C(=O)c5ccc(Oc6ccc(C7(c8ccc(Oc9ccc%10c(c9)C(=O)N(*)C%10=O)cc8)CCCCCCCCCCC7)cc6)cc5C4=O)cc3)c(C(C)(C)C)c2)cc1,2990.884287
PI1047,*c1ccc(Oc2ccc(C3(c4ccc(Oc5ccc(N6C(=O)c7ccc(Oc8ccc(C9(c%10ccc(Oc%11ccc%12c(c%11)C(=O)N(*)C%12=O)cc%10)CCCCCCCCCCC9)cc8)cc7C6=O)cc5)cc4)CCC(C(C)(C)C)CC3)cc2)cc1,3033.981148
PI1048,*c1ccc(Oc2ccc(C3(c4ccc(Oc5ccc(N6C(=O)c7ccc(Oc8ccc(C9(c%10ccc(Oc%11ccc%12c(c%11)C(=O)N(*)C%12=O)cc%10)CCCCCCCCCCC9)cc8)cc7C6=O)cc5)cc4)C4CC5CC(C4)CC3C5)cc2)cc1,3067.058116
PI1049,*c1ccc2c(c1)C(=O)N(c1ccc(Oc3ccc4ccc(Oc5ccc(N6C(=O)c7ccc(C(*)(C(F)(F)F)C(F)(F)F)cc7C6=O)cc5)cc4c3)cc1)C2=O,2372.49599
PI1050,*c1ccc(Oc2ccc3ccc(Oc4ccc(-n5c(=O)c6cc7c(=O)n(*)c(=O)c7cc6c5=O)cc4)cc3c2)cc1,2544.556787
PI1051,*c1cccc(P(=O)(c2cccc(-n3c(=O)c4c(-c5cc(C(F)(F)F)cc(C(F)(F)F)c5)c5c(=O)n(*)c(=O)c5c(-c5cc(C(F)(F)F)cc(C(F)(F)F)c5)c4c3=O)c2)c2cc(C(F)(F)F)cc(C(F)(F)F)c2)c1,2139.942326
PI1052,*c1cccc(P(=O)(c2ccc(C(F)(F)F)cc2)c2cccc(-n3c(=O)c4c(-c5cc(C(F)(F)F)cc(C(F)(F)F)c5)c5c(=O)n(*)c(=O)c5c(-c5cc(C(F)(F)F)cc(C(F)(F)F)c5)c4c3=O)c2)c1,2333.079949
