PI1,*CC*,0.000456184962
PI2,*C(C*)C,0.00025877338
PI3,*C(C*)CC,0.000264363289
PI4,*C(C*)CCC,0.000261130695
PI5,*C(C*)C(C)C,0.000234342233
PI6,*C(C*)CCCC,0.000275330549
PI7,*C(C*)CC(C)C,0.000240918065
PI8,*C(C*)CCCCC,0.00027463839
PI10,*C(C*)CCC(CC)C,0.000265949678
PI11,*C(C*)CCCCCCC,0.0003025418
PI12,*C(C*)CCCCCCCC,0.000311086292
PI13,*C(C*)(C)C,0.000239525744
PI14,*C(C*)(CC)C,0.000238234779
PI15,*C(CC*)(C)C,0.000243031165
PI16,*C(C(C*)C)(C)C,0.000236350165
PI17,*C(CCC*)(C)C,0.00026184049
PI18,*C(CCC*)(CC)C,0.000255337725
PI19,*C(CCCCCCC*)C,0.000335492597
PI20,*C(C*)C1CC1,0.000241876535
PI21,*C(C*)C1CCC1,0.0002253084629999
PI22,*C(C*)C1CCCC1,0.000231107263
PI23,*C(C*)CC1CCCC1,0.000258406248
PI24,*C(C*)C1CCCCC1,0.000209246003
PI25,*C(C*)CC1CCCCC1,0.000229332958
PI26,*C(C*)Cc1ccccc1,0.000192462189
PI27,*C(C*)CCc1ccccc1,0.000213754837
PI28,*C(C*)C(c1ccccc1)C,0.000185319288
PI29,*C1CC(CC1)C*,0.000316659421
PI30,*C(C*)CCCCCC,0.000285305157
PI31,*C(C*)CCCCCCCCCC,0.000342728736
PI32,*C(C*)CCCCCCCCCCCC,0.0003579734949999
PI33,*C(C*)CCCCCCCCCCCCCCCC,0.000373038526
PI35,*C(C*)C(CC)C,0.000234228593
PI36,*C(C*)C(CC)CC,0.000243101437
PI37,*C(C*)CC(CC)CC,0.00026234017
PI38,*C(C*)CC(CC)C,0.000263746378
PI39,*C(C*)CC(C)(C)C,0.0002346604549999
PI40,*C(C*)CC(CC)(C)C,0.000232292247
PI41,*C(C*)CCCC(C)(C)C,0.000257288867
PI42,*C(C*)CCC1CCCCC1,0.000251637679
PI43,*C(C*)CCCC1CCCCC1,0.000265537579
PI44,*C1(CCC(CC1)C)C*,0.00021062304
PI45,*C(C*)(CCC)C,0.0002430762559999
PI46,*/C=C/CC*,0.0003037114369999
PI47,*/C=C\CC*,0.000266947942
PI48,*C=CCC*,0.0003147802989999
PI49,*C(C)C(C)*,0.000264498348
PI51,*C(C(CC*)C)C,0.000254887827
PI52,*C1C(CCC1)CC*,0.000250907231
PI53,*C=CCCCCCCCC*,0.0003433575289999
PI54,*C(C*)CCCCCCCCCCCCCCCCCCCC,0.000393169818
PI55,*/C=C/CCCCCCCCCC*,0.000336324709
PI56,*C(C*)CCCCCCCCCCCCCC,0.000365110117
PI57,*C=CCCCCCC*,0.000302191029
PI58,*/C=C/CCC*,0.000289325665
PI59,*C(C*)C(C)(C)C,0.000210797175
PI60,*/C=C\CCCC*,0.000263602776
PI61,*C(C*)CCCCCCCCCCCCC,0.000349106811
PI62,*C(CC)C(CC)*,0.000250042719
PI63,*C(C*)CCCCCCCCCCC,0.000329033378
PI64,*C(C*)CCCCCCCCC,0.000296879704
PI65,*C(C*)C1CC(CCC1)C,0.000212366103
PI66,*C(C*)C1CCC(CC1)C,0.000229479225
PI67,*C(C*)C1CC=CCC1,0.0001966992009999
PI68,*C(=CCC*)CCCCCCC,0.000278102134
PI69,*C(=CCC*)C(C)C,0.000235767575
PI70,*/C=C\CCC*,0.000244482147
PI71,*C(C*)CCC(C)(C)C,0.000249457925
PI72,*C1C(CC1)*,0.000236871624
PI73,*/C=C\*,0.000573236329
PI74,*/C=C\CCCCC*,0.000271936281
PI75,*C1CC(CC1)C=C*,0.0003091939289999
PI76,*/C=C/C(C*)C(CC)C,0.000237962753
PI77,*C(=CCC*)CCC,0.000257522564
PI78,*C=CCCCCCCCCCC*,0.000357300526
PI79,*C1(CCCCC1)C*,0.000209508397
PI80,*C=CC(CCCCC*)C,0.0002643120629999
PI81,*/C(=C\CC*)C(C)(C)C,0.000230866797
PI82,*C(C*)c1ccccc1,0.000203029804
PI83,*C(C*)c1c(cccc1)C,0.00023889195
PI84,*C(C*)c1c(cccc1)CC,0.000223756212
PI85,*C(C*)c1c(cccc1)COC,0.00019732083
PI86,*C(C*)c1c(cccc1)COCC,0.000211823768
PI87,*C(C*)c1c(cccc1)COCCC,0.00022997739
PI88,*C(C*)c1c(cccc1)COC(C)C,0.000220707828
PI89,*C(C*)c1c(cccc1)COCCCC,0.000220379086
PI90,*C(C*)c1c(cccc1)COCCCCC,0.000238571654
PI91,*C(C*)c1c(cccc1)COCCC(C)C,0.000237360118
PI92,*C(C*)c1c(cccc1)COCc1ccccc1,0.000204719244
PI93,*C(C*)c1c(cccc1)COCCc1ccccc1,0.000206285623
PI94,*C(C*)c1c(cccc1)C(=O)NC,0.000192915175
PI95,*C(C*)c1c(cccc1)C(=O)N(C)C,0.000186909259
PI96,*C(C*)c1c(cccc1)C(=O)Nc1ccccc1,0.000197508078
PI97,*C(C*)c1c(cccc1)C(=O)O,0.000221643379
PI98,*C(C*)c1c(cccc1)C(=O)OC,0.000193160544
PI99,*C(C*)c1c(cccc1)C(=O)OCC,0.000216698631
PI100,*C(C*)c1c(cccc1)C(=O)OCCC,0.000209516095
PI101,*C(C*)c1c(cccc1)C(=O)OC(C)C,0.000208751466
PI102,*C(C*)c1c(cccc1)C(=O)OCCCC,0.0002257966429999
PI103,*C(C*)c1c(cccc1)C(=O)OCC(C)C,0.000203326994
PI104,*C(C*)c1c(cccc1)C(=O)OCCCCC,0.000230202874
PI105,*C(C*)c1c(cccc1)C(=O)OCCC(C)C,0.000218106694
PI106,*C(C*)c1c(cccc1)C(=O)OCCCCCC,0.000238187774
PI107,*C(C*)c1c(cccc1)C(=O)Oc1ccccc1,0.000192525654
PI108,*C(C*)c1c(cccc1)C(=O)OCCN(C)C,0.000216260507
PI109,*C(C*)c1ccc(cc1)C(=O)OCCN(C)C,0.000258067435
PI110,*C(C*)c1c(cccc1)OC,0.000214975451
PI111,*C(C*)c1c(cccc1)Cl,0.000155241408
PI112,*C(C*)c1c(cccc1)F,0.000180059006
PI113,*C(C*)c1cc(ccc1)C,0.000227224304
PI114,*C(C*)c1cc(ccc1)CC,0.000230753147
PI115,*C(C*)c1cc(ccc1)c1ccc(cc1)c1ccccc1,0.000222348269
PI116,*C(C*)c1cc(ccc1)Cl,0.000141849652
PI117,*C(C*)c1cc(ccc1)F,0.000165605561
PI118,*C(C*)c1ccc(cc1)C,0.000207409376
PI119,*C(C*)c1ccc(cc1)CC,0.0002413319969999
PI120,*C(C*)c1ccc(cc1)C(C)C,0.000245006224
PI121,*C(C*)c1ccc(cc1)CCCC,0.0002463707639999
PI122,*C(C*)c1ccc(cc1)C(C)(C)C,0.000235879806
PI123,*C(C*)c1ccc(cc1)C(CC)C,0.00023187009
PI124,*C(C*)c1ccc(cc1)CCCCCC,0.000255178414
PI125,*C(C*)c1ccc(cc1)CCCCCCCC,0.000284941701
PI126,*C(C*)c1ccc(cc1)CCCCCCCCC,0.000276524365
PI127,*C(C*)c1ccc(cc1)CCCCCCCCCC,0.000300936032
PI128,*C(C*)c1ccc(cc1)CCCCCCCCCCCC,0.000302738789
PI129,*C(C*)c1ccc(cc1)CCCCCCCCCCCCCC,0.000320037972
PI130,*C(C*)c1ccc(cc1)CCCCCCCCCCCCCCCC,0.0003370545469999
PI131,*C(C*)c1ccc(cc1)CCCCCCCCCCCCCCCCCC,0.000317277699
PI132,*C(C*)c1ccc(cc1)c1ccccc1,0.000200955009
PI133,*C(C*)c1ccc(cc1)COCCOCC,0.000249515883
PI134,*C(C*)c1ccc(cc1)C#N,0.000174135805
PI135,*C(C*)c1ccc(cc1)Cl,0.000150273069
PI136,*C(C*)c1ccc(cc1)Br,0.0001248508859999
PI137,*C(C*)c1ccc(cc1)C(C(C(C(C(C(C(F)(F)F)(F)F)(F)F)(F)F)(F)F)(F)F)(F)F,0.000116253947
PI138,*C(C*)c1ccc(cc1)C(=NO)C,0.000262934975
PI139,*C(C*)c1ccc(cc1)C(O)(C)C,0.000268025613
PI140,*C(C*)c1ccc(cc1)C(CC)(O)C,0.000260987479
PI141,*C(C*)c1ccc(cc1)C(CCC)(O)C,0.0002667477449999
PI142,*C(C*)c1ccc(cc1)C(CCCC)(O)C,0.0002629995179999
PI143,*C(C*)c1ccc(cc1)C(CCCCC)(O)C,0.00027418578
PI144,*C(C*)c1ccc(cc1)C(CCN(C)C)O,0.000268210349
PI145,*C(C*)c1ccc(cc1)C(CCN1CCCCC1)O,0.000250363552
PI146,*C(C*)c1ccc(cc1)C(CCN1CCOCC1)O,0.000232670764
PI147,*C(C*)c1ccc(cc1)COC,0.000228853851
PI148,*C(C*)c1ccc(cc1)COCCO,0.00025859742
PI149,*C(C*)c1ccc(cc1)COCCC,0.000237335127
PI150,*C(C*)c1ccc(cc1)COCCCC,0.0002606031409999
PI151,*C(C*)c1ccc(cc1)COCCCCO,0.0002721839859999
PI152,*C(C*)c1ccc(cc1)COC(CC)C,0.000247595241
PI153,*C(C*)c1ccc(cc1)COCCCCCC,0.000261210733
PI154,*C(C*)c1ccc(cc1)COCCOCCCC,0.0002507784
PI155,*C(C*)c1ccc(cc1)C(=O)N(C)C,0.000247926371
PI156,*C(C*)c1ccc(cc1)C(=O)N(CC)CC,0.0002415075459999
PI157,*C(C*)c1ccc(cc1)C(=O)N1CCCCC1,0.0002357235789999
PI158,*C(C*)c1ccc(cc1)C(=O)CCN1CCCCC1,0.000245284571
PI159,*C(C*)c1ccc(cc1)C(=O)N1CCOCC1,0.00022605657
PI160,*C(C*)c1ccc(cc1)C(=O)OC,0.000223091355
PI161,*C(C*)c1ccc(cc1)C(=O)OCC,0.000235563807
PI162,*C(C*)c1ccc(cc1)C(=O)OCCC,0.0002417644599999
PI163,*C(C*)c1ccc(cc1)C(=O)OC(C)C,0.000250453544
PI164,*C(C*)c1ccc(cc1)C(=O)OCCCC,0.000261827286
PI165,*C(C*)c1ccc(cc1)C(=O)OCC(C)C,0.000237523806
PI166,*C(C*)c1ccc(cc1)C(=O)OCCCCCC,0.000258101979
PI167,*C(C*)c1ccc(cc1)C(=O)CC,0.000244573024
PI168,*C(C*)c1ccc(cc1)C(=O)CCC,0.000245764324
PI169,*C(C*)c1ccc(cc1)C(=O)CCCC,0.000263241449
PI170,*C(C*)c1ccc(cc1)C(=O)CCCCC,0.000258123945
PI171,*C(C*)c1ccc(cc1)C(=O)CCCCCCC,0.000271736697
PI172,*C(C*)c1ccc(cc1)C(=O)Cc1ccccc1,0.000219547247
PI173,*C(C*)c1ccc(cc1)C(=O)c1ccccc1,0.000216592432
PI174,*C(C*)c1ccc(cc1)C(=O)c1ccc(cc1)C,0.0002424158319999
PI175,*C(C*)c1ccc(cc1)F,0.000163887726
PI176,*C(C*)c1ccc(cc1)I,9.7198673e-05
PI177,*C(C*)c1ccc(cc1)N(C)C,0.000270531824
PI178,*C(C*)c1ccc(cc1)OC,0.000215501326
PI179,*C(C*)c1ccc(cc1)OCC,0.000242464965
PI180,*C(C*)c1ccc(cc1)OCCC,0.000243869844
PI181,*C(C*)c1ccc(cc1)OCCCC,0.000246692673
PI182,*C(C*)c1ccc(cc1)OCCC(C)C,0.000282457207
PI183,*C(C*)c1ccc(cc1)Oc1ccccc1,0.000221253857
PI184,*C(C*)c1ccc(cc1)c1ccc(cc1)c1ccccc1,0.000239465602
PI185,*C(C*)c1ccc(cc1)S(=O)(=O)OCCC,0.000209057278
PI186,*C(C*)c1c(cccc1Cl)Cl,0.000113806933
PI187,*C(C*)c1c(cc(cc1)C)C,0.000214891697
PI188,*C(C*)c1c(cc(cc1)C(C)C)C(C)C,0.000215437297
PI189,*C(C*)c1c(cc(cc1)F)C,0.000167659758
PI190,*C(C*)c1c(cc(cc1)Cl)C,0.000163669069
PI191,*C(C*)c1c(cc(cc1)Cl)Cl,0.000107893694
PI192,*C(C*)c1c(ccc(c1)C)C,0.000194019925
PI193,*C(C*)c1c(ccc(c1)C(C)(C)C)C,0.000211943136
PI194,*C(C*)c1c(ccc(c1)C(C)C)C(C)C,0.000190254382
PI195,*C(C*)c1c(ccc(c1)Cl)Cl,0.000112111131
PI196,*C(C*)c1c(ccc(c1)F)F,0.000146382976
PI197,*C(C*)c1c(ccc(c1)C)F,0.000195322638
PI198,*C(C*)c1c(ccc(c1)Br)OCCCC,0.00015926394
PI199,*C(C*)c1c(ccc(c1)Br)OCC,0.000139419841
PI200,*C(C*)c1c(ccc(c1)Br)OC,0.000128686133
PI201,*C(C*)c1c(ccc(c1)Br)OCCC,0.000138151779
PI202,*C(C*)c1c(ccc(c1)Br)OC(C)C,0.000144697579
PI203,*C(C*)c1c(ccc(c1)Br)OCCCCC,0.000161556934
PI204,*C(C*)c1c(ccc(c1)Br)OCCC(C)C,0.000156760429
PI205,*C(C*)c1cc(cc(c1)C)C,0.0002398382239999
PI206,*C(C*)c1cc(c(cc1)C)C,0.000222441085
PI207,*C(C*)c1cc(c(cc1)Cl)C,0.000152412214
PI208,*C(C*)c1cc(c(cc1)Cl)Cl,0.000108557769
PI209,*C(C*)c1cc(c(cc1)Cl)F,0.000121296834
PI210,*C(C*)c1c(cc(cc1C)C)C,0.000232927166
PI211,*C(C*)c1c(cc(c(c1)C)C)C,0.000249066929
PI212,*C(C*)c1c(c(c(c(c1F)F)F)F)F,0.000111121575
PI213,*C(C*)(c1ccccc1)C,0.00020669134
PI214,*C(C*)(c1ccc(cc1)C(C)C)C,0.00022250314
PI215,*C(C(*)(F)F)(c1ccccc1)F,0.000209551814
PI216,*C(C(*)(F)F)(c1c(c(c(c(c1F)F)F)F)F)F,0.000109340544
PI217,*C(C*)c1c2c(ccc1)cccc2,0.000183531473
PI218,*C(C*)c1ccc(cc1)C(=O)C,0.000237084593
PI219,*C(C*)c1ccc(cc1)C(=O)CCN1CCOCC1,0.000241083815
PI220,*C(C*)(C(=O)OC)c1ccccc1,0.000174256665
PI221,*C(C*)(c1ccc(cc1)C)C,0.000206248478
PI222,*C(C(*)c1ccccc1)[N+](=O)[O-],0.00016724356
PI223,*C(C*)c1ccc(cc1)C(=O)C(F)(F)F,0.000154440392
PI224,*C(C*)c1ccc(cc1)C(=O)c1ccc(cc1)OC,0.000245710563
PI225,*C(C*)c1cc2c(cc1)cccc2,0.000189317179
PI226,*C(C*)c1ccncc1,0.000194624132
PI227,*C(C*)c1nc(ccc1)C,0.0002318753259999
PI228,*C(C*)c1ccc(nc1)C,0.000216347814
PI229,*C(C*)N1Nc2c(C1)cccc2,0.000210041586
PI230,*C(C(C(C*)c1ncccc1)c1ccccc1)c1ncccc1,0.00019889562
PI231,*C(C*)c1ccc(cc1)O,0.00028470777
PI232,*C(C*)c1ccc(cc1)OC(=O)C,0.000259585297
PI233,*C(C*)c1ccc(cc1)CCC,0.000242985282
PI234,*C(C*)c1ccc(cc1)COCCCCCCOc1ccc(cc1)c1ccc(cc1)OC,0.000265685462
PI235,*C(C*)c1ccc(cc1)COCC(CCCC)CC,0.00026087891
PI236,*C(C*)c1ccc(cc1)COCCOCCCCCCCC,0.0002663432519999
PI237,*C(C*)c1ccc(cc1)C(C(C(C(C(C(F)F)(F)F)(F)F)(F)F)(F)F)(F)F,0.000115569094
PI238,*C(CC(C*)c1ccccc1)(C(=O)OC)C#N,0.000199800698
PI239,*C(C*)c1cc(c(cc1)C(=O)O)C(=O)O,0.0003080457
PI240,*C(C(*)(c1c(c(c(c(c1[2H])[2H])[2H])[2H])[2H])[2H])([2H])[2H],0.0001989378709999
PI241,*C(C*)O,0.000438737902
PI242,*C(C*)C=O,0.000267165471
PI243,*C(C*)OC(=O)CCCCCCCCCCC,0.000282501246
PI246,*C(C*)C(=O)C,0.00026561373
PI247,*C(C*)C(=O)C(C)C,0.000225007493
PI248,*C(C*)(C(=O)C)C,0.000212146266
PI249,*C(C*)C#N,0.000227307045
PI250,*C(C*)(C#N)C,0.000201063991
PI251,*C(C*)c1ncccc1,0.000184406433
PI252,*C(C*)n1c2ccccc2c2ccccc12,0.000178401902
PI253,*C(C*)OC,0.000262373678
PI254,*C(C*)OCC,0.0002422103499999
PI259,*C(C*)OC(=O)C,0.0002586562049999
PI260,*C(C*)OC(=O)CC,0.000254353251
PI261,*C(C*)OC(=O)c1ccccc1,0.000186373384
PI263,*C(C*)CCCCCCCCCO,0.000330609059
PI264,*C(C*)CCN(C(C)C)C(C)C,0.000274221978
PI265,*C(C*)CCCN(C(C)C)C(C)C,0.00027772076
PI266,*C(C*)CCCN(CC(C)C)CC(C)C,0.000258228983
PI267,*C(C*)O[N+](=O)[O-],0.000243039162
PI268,*C=CC(C(*)C(=O)OC)C,0.000242911397
PI269,*C#C/C(=C(*)\COS(=O)(=O)c1ccc(cc1)C)COS(=O)(=O)c1ccc(cc1)C,0.000255175548
PI270,*C(C*)OC=O,0.000235150652
PI271,*C(C*)OCc1ccccc1,0.000205595119
PI272,*C(C*)OC(C)(C)C,0.0002268493289999
PI273,*C(C(*)OCC(C)C)C,0.000222144713
PI274,*C(C*)OC(C)C,0.000241975026
PI275,*C(C*)(OC)C,0.000207223659
PI276,*C(C*)OCC(C)(C)C,0.000218243316
PI277,*C(C*)OC(CC)C,0.000235279019
PI278,*C(C*)OC(=O)C(F)(F)F,0.0001600127189999
PI279,*/C=C/C(C*)OC,0.000250969245
PI280,*C=CCC(CC*)(C(=O)OC)C,0.000249826128
PI281,*C(C*)CCc1c(cccc1)C,0.000237337805
PI282,*C(C*)CCc1ccc(cc1)C,0.00023781263
PI283,*C(C*)OCCCCCCCCCCCC,0.000325984117
PI284,*C(C(*)OCCCC)C,0.0002476222
PI285,*C(C(*)OC(C)(C)C)C,0.000203928088
PI286,*C(C(*)OCC)C,0.000227848602
PI287,*C(C(*)OC(C)C)C,0.000223844824
PI288,*C(C(*)OC)C,0.000217127213
PI289,*C(C(*)OCCC)C,0.000232191511
PI291,*C(C*)Cc1c(ccc(c1)C)C,0.000219339206
PI292,*C(C*)Cc1cc(c(cc1)C)C,0.000220624848
PI293,*C(C*)Cc1cc(cc(c1)C)C,0.000227538068
PI294,*C(C*)Cc1cc(ccc1)C,0.000213029156
PI295,*C(C*)Cc1c(cccc1)C,0.000211243073
PI296,*C(C*)Cc1ccc(cc1)C,0.00020880675
PI297,*C(C(*)O)C,0.000269690871
PI298,*C(C*)OC(=O)c1ccc(cc1)C(C)(C)C,0.000245177434
PI299,*C(C*)C(=O)C(C)(C)C,0.000222675631
PI300,*C(C*)C(=O)C1CCCCC1,0.000219884069
PI302,*C(C*)C(=O)c1c(cccc1)O,0.000225341707
PI303,*C=CC(C*)OC,0.000240715701
PI304,*C(=CCC*)c1ccccc1,0.000209330511
PI305,*C(O)C(*)O,0.000503119958
PI306,*C(C*)OCC(CCCC)CC,0.0002506395779999
PI307,*C(C*)SCCCC,0.000231505378
PI308,*C(C*)OC1CCCCC1,0.000209300741
PI309,*C(C*)SCC,0.000212352519
PI310,*C(C(*)(F)F)(OC(C(C(C(F)(F)F)(F)F)(F)F)(F)F)F,9.864473e-05
PI311,*C(C(*)(F)F)(OC(C(F)(F)F)(F)F)F,0.000104992442
PI312,*C(C(*)(F)F)(OC(F)(F)F)OC(F)(F)F,9.6025647e-05
PI313,*C(C(*)(F)F)OC(F)(F)F,0.000113432798
PI314,*C(C(*)F)(OC(F)(F)F)F,0.000115882336
PI315,*C(C(*)(F)F)(OC(F)(F)F)F,0.0001154070299999
PI316,*C(C*)OCC(CC)(C)C,0.000235379261
PI317,*C(C*)SC,0.0002025352149999
PI319,*C(C*)OCCC,0.000240692237
PI320,*C(C*)(C(=O)C)F,0.000210118729
PI321,*C(C*)C(=O)c1ccccc1,0.0001832509019999
PI322,*C(C*)C(=O)c1cc(c(cc1)Br)OC,0.0001493274159999
PI323,*C(C*)C(=O)c1ccc(cc1)C(C)(C)C,0.000231159229
PI324,*C(C*)C(=O)c1ccc(cc1)Cl,0.000143955688
PI325,*C(C*)C(=O)c1ccc(cc1)CC,0.000231546443
PI326,*C(C*)C(=O)c1ccc(cc1)C(C)C,0.000236631114
PI327,*C(C*)C(=O)c1ccc(cc1)OC,0.000228482209
PI328,*C(C*)C(=O)c1cc(c(cc1)C)C,0.000223876284
PI329,*C(C*)C(=O)c1ccc(cc1)CCC,0.000233892305
PI330,*C(C*)C(=O)c1ccc(cc1)C,0.000217537979
PI331,*C(C*)OC(=O)c1c(cccc1)OC(=O)C,0.0002177387259999
PI332,*C(C*)OC(=O)c1ccc(cc1)OC(=O)C,0.00024818347
PI333,*C(C*)OC(=O)CCCC(=O)c1ccccc1,0.0002387636929999
PI334,*C(C*)OC(=O)c1cc(ccc1)Br,0.000137957273
PI335,*C(C*)OC(=O)c1ccc(cc1)Br,0.000139742427
PI336,*C(C*)OC(=O)c1ccc(cc1)OC(=O)CCC,0.00025604142
PI337,*C(C*)OC(=O)c1c(cccc1)Cl,0.000171958387
PI338,*C(C*)OC(=O)c1cc(ccc1)Cl,0.000153320971
PI339,*C(C*)OC(=O)c1ccc(cc1)Cl,0.00015531743
PI340,*C(C*)OC(=O)C1CCCCC1,0.000215272882
PI341,*C(C*)OC(=O)CC1CCCCC1,0.000222720187
PI342,*C(C*)OC(=O)CCCC1CCCCC1,0.000244722191
PI343,*C(C*)OC(=O)c1ccc(cc1)OCC,0.000229699129
PI344,*C(C*)OC(=O)c1ccc(cc1)CC,0.000231673795
PI346,*C(C*)OC(=O)C(C(C(F)(F)F)(F)F)(F)F,0.000124821014
PI347,*C(C*)OC(=O)C1(C(C(C(C(C1(F)F)(F)F)(F)F)(F)F)(F)F)F,9.9404761e-05
PI348,*C(C*)NC(=O)OC(C)(C)C,0.000240864603
PI349,*C(C*)OC(=O)C(C(C(C(C(C(C(C(C(F)(F)F)(F)F)(F)F)(F)F)(F)F)(F)F)(F)F)(F)F)(F)F,0.000117620774
PI350,*C(C*)OC(=O)C(C(C(C(C(F)(F)F)(F)F)(F)F)(F)F)(F)F,0.000117573176
PI351,*C(C*)OC(=O)C(C(C(C(C(C(C(F)(F)F)(F)F)(F)F)(F)F)(F)F)(F)F)(F)F,0.000118403797
PI352,*C(C*)OC(=O)C(C(F)(F)F)(F)F,0.0001343819709999
PI353,*C(C*)OC(=O)C(C(C(C(F)(F)F)(F)F)(F)F)(F)F,0.000117895156
PI354,*C(C*)OC(=O)c1ccncc1,0.000194295907
PI355,*C(C*)OC(=O)c1ccc(cc1)C(C)C,0.000241150434
PI356,*C(C*)OC(=O)C(C(C)C)(C(C)C)C,0.000212645982
PI357,*C(C*)OC(=O)c1c(cccc1)OC,0.000216310624
PI358,*C(C*)OC(=O)c1cc(ccc1)OC,0.00021828481
PI359,*C(C*)OC(=O)c1ccc(cc1)OC,0.000222833617
PI360,*C(C*)OC(=O)c1c(cccc1)C,0.000223566569
PI361,*C(C*)OC(=O)c1cc(ccc1)C,0.000210139794
PI362,*C(C*)OC(=O)c1ccc(cc1)C,0.000205615125
PI363,*C(C*)OC(=O)CC(c1ccccc1)(C)C,0.000205542847
PI364,*C(C*)OC(=O)C(CCC)(C)C,0.000219638957
PI365,*C(C*)OC(=O)C(C(CC)(C)C)(C)C,0.00020834975
PI366,*C(C*)OC(=O)C(C(C(C)C)C)(C)C,0.00021225308
PI367,*C(C*)OC(=O)C(CC(C)(C)C)(C)C,0.000214976534
PI368,*C(C*)OC(=O)c1cnccc1,0.000195169036
PI369,*C(C*)OC(=O)c1cc(ccc1)[N+](=O)[O-],0.000196771713
PI370,*C(C*)OC(=O)CCCCCCC,0.000270802383
PI371,*C(C*)OC(C(F)(F)F)(C(F)(F)F)F,0.000105366502
PI372,*C(C*)OC(=O)CCl,0.000218868603
PI373,*C(C*)C1=CC=CS1,0.000196546556
PI374,*C(C*)OCCCl,0.0001875212179999
PI375,*C(C*)OCCOC,0.000251788875
PI376,*C(C*)OCC(F)(F)F,0.0001508689659999
PI377,*C(C*)(CC(=O)OCCCCCCC)C(=O)OCCCCCCC,0.000268835353
PI378,*C(C*)OC(=O)C1CCCC1,0.00023014149
PI379,*C(C*)OC(=O)C1(CCCCC1)C,0.000199836391
PI380,*C(C*)P(=O)(c1ccccc1)c1ccccc1,0.000152952702
PI381,*C(C*)P(=O)(OCC)N(C)C,0.0002075242479999
PI382,*C(C*)P(=O)(N(C)C)Oc1ccccc1,0.000193867563
PI383,*C(C*)c1nc(nc(n1)C)C,0.000263398106
PI384,*C(C*)OC(=O)CCCCCCCCC,0.000286467814
PI385,*C(C*)OC(=O)CCCCC,0.000259631398
PI386,*C1c2c(CC1*)cccc2,0.000161666133
PI387,*C1C(=O)OC(=O)C1C(C*)OC,0.0002163784199999
PI388,*C(C(C(C*)OC)C(=O)O)C(=O)O,0.0003027015089999
PI389,*C(=CCCC*)c1ccc(cc1)OC,0.000225130935
PI390,*C(=CCCC*)c1ccccc1,0.0002106732239999
PI391,*C(=CCCC*)c1ccc(cc1)Cl,0.0001708005629999
PI392,*C(C*)CNc1ccc(cc1)[N+](=O)[O-],0.000252535899
PI393,*C(C*)CNc1ncc(cc1)[N+](=O)[O-],0.000238277713
PI394,*C(C*)CNc1c(cc(cc1)[N+](=O)[O-])C,0.000245603324
PI395,*C(C*)CNc1cc(c(cc1)[N+](=O)[O-])C(F)(F)F,0.0002065345869999
PI396,*C(C*)CNc1c(cc(cc1)[N+](=O)[O-])[N+](=O)[O-],0.000236441097
PI397,*C1C(C(C(C1)C*)OC(=O)CCCCCCCCCCOc1ccc(cc1)c1ccc(cc1)C#N)OC(=O)CCCCCCCCCCOc1ccc(cc1)c1ccc(cc1)C#N,0.000263259921
PI398,*C1C(CC(C1)C*)OC(=O)CCCCCCCCCCOc1ccc(cc1)c1ccc(cc1)C#N,0.000268797476
PI399,*C1C(CC(C1)OC(=O)CCCCCCCCCCOc1ccc(cc1)c1ccc(cc1)C#N)CC*,0.0002621942
PI400,*C(C*)N1CNCC1,0.000239553034
PI402,*C(C*)OCCCCCCCCCCCCCCCCCC,0.0003646972609999
PI403,*C(C*)OC(=O)c1ccc(cc1)C#N,0.000188964216
PI404,*C(C*)OCC(CC(C)C)(C)C,0.000254371124
PI405,*C(C(*)(F)F)(OC(C(F)F)F)F,0.000143872872
PI406,*C(C*)C(=O)c1ccc(cc1)Br,0.00012605159
PI407,*C(C*)OC(=O)CC1CCCC1,0.000236625928
PI408,*C(C*)N1C(=O)CCC1,0.000236040386
PI409,*C1C(C2C(C1)C(C(C2)CC*)OC(=O)CCCCCCCCCCOc1ccc(cc1)c1ccc(cc1)C#N)OC(=O)CCCCCCCCCCOc1ccc(cc1)c1ccc(cc1)C#N,0.000248651693
PI410,*C(C*)C(=O)O,0.000351557632
PI411,*C(C*)C(=O)OC,0.000249473618
PI412,*C(C*)C(=O)OCC,0.000261966182
PI413,*C(C*)C(=O)OCCC,0.000245170112
PI414,*C(C*)C(=O)OC(C)C,0.000251403563
PI415,*C(C*)C(=O)OCCCC,0.000255094023
PI416,*C(C*)C(=O)OCC(C)C,0.000241958713
PI418,*C(C*)C(=O)OC(C)(C)C,0.000228960032
PI419,*C(C*)C(=O)OCCCCCC,0.000259092425
PI420,*C(C*)C(=O)OCCCCCCC,0.000258296751
PI421,*C(C*)C(=O)OCCCCCCCC,0.000283339543
PI422,*C(C*)C(=O)OCCCCCCCCCCCC,0.000309141226
PI423,*C(C*)C(=O)OCCCCCCCCCCCCCC,0.000313712263
PI424,*C(C*)C(=O)OCCCCCCCCCCCCCCCC,0.000333661973
PI425,*C(C*)C(=O)OCCCCCCCCCCCCCCCCCC,0.000332315444
PI426,*C(C*)C(=O)OCCCCCCCCCCCCCCCCCCCCCC,0.000358016945
PI427,*C(C*)C(=O)OCC=C,0.0002633805949999
PI428,*C(C*)C(=O)OC1C2(CCC(C1)C2(C)C)C,0.000208176754
PI429,*C(C*)C(=O)OCC(F)(F)F,0.000164710423
PI430,*C(C*)C(=O)OCC(C(F)(F)F)(F)F,0.000143562058
PI431,*C(C*)C(=O)OC(C(F)(F)F)C(F)(F)F,0.0001322333549999
PI432,*C(C*)C(=O)OC(C(F)(F)F)(C(F)(F)F)F,0.000115357789
PI433,*C(C*)C(=O)OC(C(Cl)(F)F)(C(F)(F)F)F,0.000108082679
PI434,*C(C*)C(=O)OC(C(Cl)(F)F)(C(Cl)(F)F)F,0.0001025672789999
PI435,*C(C*)C(=O)OCC(C(F)C(F)(F)F)(F)F,0.000149880398
PI436,*C(C*)C(=O)OCC(C(C(F)(F)F)(F)F)(F)F,0.0001345864619999
PI437,*C(C*)(C(=O)OC)C,0.000214253377
PI438,*C(C*)(C(=O)OCC)C,0.000214601581
PI439,*CC(*)(C)C(=O)OCCC,0.000217185653
PI440,*CC(*)(C)C(=O)OC(C)C,0.000212297791
PI441,*C(C*)(C(=O)OCCCC)C,0.000223797866
PI442,*CC(*)(C)C(=O)OC(C)CC,0.0002197480189999
PI443,*CC(*)(C)C(=O)OCC(C)C,0.000211663838
PI444,*CC(*)(C)C(=O)OC(C)(C)C,0.000199032877
PI445,*CC(*)(C)C(=O)OCCCCCC,0.000247136147
PI446,*CC(*)(C)C(=O)OCCCCCCCC,0.000263447418
PI447,*CC(*)(C)C(=O)OCCCCCCCCCCCC,0.000297503097
PI448,*CC(*)(C)C(=O)OC1CCCCC1,0.0001888014379999
PI449,*CC(*)(C)C(=O)Oc1ccccc1,0.000192736665
PI450,*CC(*)(C)C(=O)OCc1ccccc1,0.000196260903
PI451,*CC(*)(C)C(=O)OCCBr,0.000156664784
PI452,*CC(*)(C)C(=O)OCc1ccccc1Cl,0.000165076796
PI453,*CC(*)(C)C(=O)OCCO,0.000250973925
PI454,*CC(*)(C)C(=O)OCCN(C)C,0.000241329136
PI455,*CC(*)C(N)=O,0.000444629702
PI456,*CC(*)C(=O)NC(C)C,0.000262015599
PI457,*CC(*)C(=O)OC(CC)CC,0.000245278243
PI458,*CC(*)C(=O)OC1CCCCC1,0.000215312167
PI459,*CC(*)C(=O)OCC(C)(C)C,0.000235321696
PI460,*CC(*)C(=O)OCCC#N,0.0002490178979999
PI461,*CC(*)C(=O)N1CCCCC1,0.000224880389
PI462,*CC(*)C(=O)N1CCOCC1,0.000212390136
PI463,*CC(*)C(=O)Oc1ccccc1,0.000204691395
PI464,*CC(*)C(=O)Oc1ccc(OC)cc1,0.000230448188
PI465,*CC(*)C(=O)Oc1ccccc1C(=O)OC,0.000219785117
PI466,*CC(*)C(=O)Oc1ccccc1C(=O)OCC,0.000218273906
PI467,*CC(*)C(=O)Oc1cccc(C(=O)OC)c1,0.000234531676
PI468,*CC(*)C(=O)Oc1cccc(C(=O)OCC)c1,0.000235991614
PI469,*CC(*)C(=O)Oc1ccc(C(=O)OC)cc1,0.000246881391
PI470,*CC(*)C(=O)Oc1ccc(C(=O)OCC)cc1,0.000254460099
PI471,*CC(*)C(=O)Oc1ccc(C(=O)OCCCC)cc1,0.000269375988
PI472,*CC(*)C(=O)Oc1ccc(-c2ccccc2)cc1,0.000225714507
PI473,*CC(*)C(=O)OCc1ccccc1,0.000203084164
PI474,*CC(*)C(=O)OCCc1ccccc1,0.000218359976
PI475,*CC(*)C(=O)Oc1cccc(N(C)C)c1,0.000265857865
PI476,*CC(*)C(=O)Oc1ccc(C#N)cc1,0.000217648606
PI477,*CC(*)C(=O)OCc1ccc(C#N)cc1,0.000206123134
PI478,*CC(*)C(=O)Oc1ccc(Cl)cc1Cl,0.0001483919119999
PI479,*CC(*)C(=O)Oc1c(Cl)c(Cl)c(Cl)c(Cl)c1Cl,0.000103950173
PI480,*CC(*)C(=O)N(C)C,0.0002548405759999
PI481,*CC(*)(C)C(=O)OCCOC,0.000229867686
PI482,*CC(*)(C)C(=O)OCC(C)O,0.000247322516
PI483,*CC(*)(C)C(=O)OCCC#N,0.000215065114
PI485,*CC(*)(C)C(=O)OCCO[N+](=O)[O-],0.000219332193
PI486,*CC(*)(C)C(=O)OCCS(=O)CC,0.00023559466
PI487,*CC(*)(C)C(=O)Oc1ccc(CC#N)cc1,0.000207428616
PI488,*CC(*)(C)C(=O)Oc1ccc(C(=O)OC)cc1,0.000243504441
PI489,*CC(*)(CC)C(=O)OCC,0.000205025977
PI490,*CC(*)(CC(=O)OCC)C(=O)OCC,0.000226726356
PI491,*CC(*)(CC(=O)OCCCC)C(=O)OCCCC,0.0002393911699999
PI492,*CC(*)(CC(=O)OC1CCCCC1)C(=O)OC1CCCCC1,0.000173081052
PI493,*CC(*)(CC(=O)OCC1CCCCC1)C(=O)OCC1CCCCC1,0.0002050214119999
PI494,*CC(*)(CC(=O)OCCC1CCCCC1)C(=O)OCCC1CCCCC1,0.000217195568
PI495,*CC(*)(CC(=O)OCCCC1CCCCC1)C(=O)OCCCC1CCCCC1,0.000238263021
PI496,*CC(*)(CC(=O)Oc1ccccc1)C(=O)Oc1ccccc1,0.000188229452
PI497,*CC(*)(CC(=O)OCc1ccccc1)C(=O)OCc1ccccc1,0.000203256306
PI498,*CC(*)(CC(=O)OCCc1ccccc1)C(=O)OCCc1ccccc1,0.000202653643
PI499,*CC(*)(CC(=O)OCCCc1ccccc1)C(=O)OCCCc1ccccc1,0.000210081521
PI500,*CC(*)(C)C(=O)Oc1ccc(C#N)cc1,0.000199831364
PI501,*CC(*)(CC(=O)OC)C(=O)OC,0.000211788328
PI502,*C(*)C(=O)OCC,0.000225814865
PI503,*C(*)C(=O)OC,0.000222112653
PI504,*C(*)C(=O)OCCC,0.000244933508
PI505,*CC(*)(CC(=O)OCCC)C(=O)OCCC,0.000225769616
PI506,*CC(*)C(=O)OCCO,0.000297878745
PI507,*CC(*)(CCC(C)C(=O)OC)C(=O)OC,0.000238137173
PI508,*CC(*)C(=O)OC1CCCCCCCCCCC1,0.000245455632
PI509,*C(C*)Cl,0.000142730624
PI510,*C(C*)(F)F,0.000148188116
PI511,*CC(*)(Cl)Cl,9.6200541e-05
PI512,*C(F)C(*)(F)F,0.00014138687
PI513,*C(F)(F)C(F)(F)*,0.00019501973
PI514,*C(C(*)(F)F)(Cl)F,0.000119922243
PI515,*CCC=C(*)Cl,0.0001561641689999
PI516,*C(F)(F)C(*)(F)C(F)(F)F,8.2200976e-05
PI517,*/C(=C/CC*)C,0.000304049871
PI518,*CC/C=C(\*)C,0.000232021285
PI519,*CC/C=C(/*)Cl,0.000170304562
PI520,*CC/C=C(\*)Cl,0.000150572404
PI521,*CC(*)C=C,0.000273513817
PI522,*CCC=C(*)C,0.000231880959
PI524,*OCC*,0.000228362211
PI525,*OC(C*)C,0.000239033549
PI526,*CC(CCl)O*,0.000164668029
PI527,*CCCCO*,0.000280752907
PI528,*Oc1c(cc(cc1C)*)C,0.000250026591
PI529,*Oc1c(OC)cc(*)cc1OC,0.000240386045
PI530,*Oc1c(-c2ccccc2)cc(*)cc1-c1ccccc1,0.000184951114
PI531,*C(=O)OCCOC(=O)c1ccc(*)o1,0.0002282612149999
PI532,*CCOCCOC(=O)c1cccc(C(=O)O*)c1,0.000215430956
PI533,*CCOc1ccc(C(=O)OCCOC(=O)c2ccc(O*)cc2)cc1,0.000247366967
PI534,*CCCCOc1ccc(C(=O)OCCOC(=O)c2ccc(O*)cc2)cc1,0.000250970317
PI535,*Oc1ccc(NC(=O)c2cccc(C(=O)Nc3ccc(*)cc3)c2)cc1,0.000300233168
PI536,*Oc1ccc(cc1)S(=O)(=O)c1ccc(cc1)*,0.000203838738
PI537,*Oc1ccc(cc1)S(=O)(=O)c1ccc(cc1)Oc1ccc(cc1)C(c1ccc(cc1)*)(C)C,0.000210272564
PI538,*Oc1ccc(S(=O)(=O)c2ccc(Oc3ccc(Cc4ccc(*)cc4)cc3)cc2)cc1,0.000211169803
PI539,*Oc1ccc(cc1)C(c1ccc(cc1)OCC(C*)O)(C)C,0.00022967917
PI540,*CC1CC(*)OC(CCC)O1,0.000253400518
PI541,*Oc1ccc(cc1)Oc1ccc(cc1)C(=O)c1ccc(cc1)*,0.00028329363
PI542,*Oc1cccc(S(=O)(=O)c2ccc(*)cc2)c1,0.000169806655
PI543,*Oc1ccc(S(=O)(=O)c2ccc(Oc3ccc(C(c4ccc(*)cc4)(C(F)(F)F)C(F)(F)F)cc3)cc2)cc1,0.000162123893
PI544,*Oc1ccc(S(=O)(=O)c2ccc(Oc3c(C)cc(C(C)(C)c4cc(C)c(*)c(C)c4)cc3C)cc2)cc1,0.000207453817
PI545,*Oc1ccc(S(=O)(=O)c2ccc(Oc3ccc(-c4ccc(*)cc4)cc3)cc2)cc1,0.000234731231
PI546,*Oc1ccc(Oc2ccc(Oc3ccc(S(=O)(=O)c4ccc(*)cc4)cc3)cc2)cc1,0.000229938844
PI548,*CCOCC(=O)O*,0.000238989416
PI549,*CCOCCOC(=O)c1ccc(-c2ccc(C(=O)O*)cc2)cc1,0.000253846443
PI550,*Oc1ccc(S(=O)(=O)c2ccc(Oc3ccc(C(=O)c4cccc(C(=O)c5ccc(*)cc5)c4)cc3)cc2)cc1,0.000213575422
PI551,*CCCCCCOC(=O)Nc1ccc(C)c(NC(=O)OCCCCCCOc2ccc(-c3ccc(O*)cc3)cc2)c1,0.000272492356
PI552,*CS*,0.00014812712
PI553,*CCS*,0.00022117529
PI554,*CCCSS*,0.000150655425
PI555,*Sc1ccc(cc1)*,0.000165856187
PI556,*Oc1ccc(Sc2ccc(OC(*)=O)cc2)cc1,0.000215699363
PI557,*OC(=O)CCC(=O)OCC*,0.000237840575
PI558,*CCCCOC(=O)CCC(=O)O*,0.000239020305
PI560,*OC(=O)CCCCCCCCC(=O)OCC*,0.000257154282
PI561,*CCCCCCOC(=O)CCCCCCCCC(=O)O*,0.000281178878
PI562,*OC(=O)c1ccc(cc1)C(=O)OCC*,0.000235166491
PI563,*OC(=O)c1cc(ccc1)C(=O)OCC*,0.000200585896
PI564,*OC(=O)c1ccc(cc1)C(=O)OCCCC*,0.00025637618
PI565,*CCCCCCOC(=O)c1ccc(C(=O)O*)cc1,0.000254809517
PI566,*Oc1ccc(cc1)C(c1ccc(cc1)OC(=O)c1ccc(cc1)C(=O)*)(C)C,0.00027751155
PI567,*Oc1ccc(cc1)C(c1ccc(cc1)OC(=O)c1cc(ccc1)C(=O)*)(C)C,0.000244415588
PI568,*OC(=O)c1cc2c(cc1)ccc(c2)C(=O)OCC*,0.00022543537
PI569,*OC(=O)c1cc2c(cc1)cc(cc2)C(=O)OCC*,0.000225246348
PI570,*CCCCOC(=O)CCCCC(=O)O*,0.000259346678
PI571,*Oc1ccc(C2(c3ccc(OC(=O)c4cccc(C(*)=O)c4)cc3)c3ccccc3-c3ccccc32)cc1,0.000216708127
PI572,*CCOC(=O)c1cccc2c(C(=O)O*)cccc12,0.000212331447
PI573,*CCOC(=O)c1ccc(C(=O)O*)c2ccccc12,0.000211562934
PI574,*CCCCCC(=O)O*,0.000249772695
PI576,*CCCOC(=O)c1ccc(C(=O)O*)cc1,0.000241216197
PI577,*Oc1ccc(cc1)c1ccc(cc1)OC(=O)CCCCCC(=O)*,0.000265574997
PI578,*Oc1ccc(-c2ccc(OC(=O)CCCCCCC(*)=O)cc2)cc1,0.000283829933
PI579,*Oc1ccc(-c2ccc(OC(=O)CCCCCCCC(*)=O)cc2)cc1,0.0002864848589999
PI580,*Oc1ccc(-c2ccc(OC(=O)CCCCCCCCC(*)=O)cc2)cc1,0.000290122557
PI581,*Oc1ccc(-c2ccc(OC(=O)CCCCCCCCCC(*)=O)cc2)cc1,0.000275167556
PI582,*Oc1c(cc(cc1)OC(=O)c1ccc(cc1)c1ccc(cc1)C(=O)*)C,0.000362079429
PI583,*Oc1ccc(cc1)S(=O)(=O)c1ccc(cc1)OC(=O)c1ccc(cc1)C(=O)*,0.0002511010329999
PI584,*Oc1ccc(-c2ccc(OC(=O)CCCCCCCCCCC(*)=O)cc2)cc1,0.000274021583
PI585,*Oc1ccc(-c2ccc(OC(=O)CCCCCCCCCCCC(*)=O)cc2)cc1,0.000299849025
PI586,*Oc1ccc(-c2ccc(OC(=O)CCCCCCCCCCCCC(*)=O)cc2)cc1,0.000279614546
PI587,*CC1CCC(COC(=O)CCC(=O)O*)CC1,0.000229884201
PI589,*OC(C)CC(*)=O,0.000215459839
PI590,*OC(C)C(*)=O,0.0002107497459999
PI591,*CC(C)(CCC)C(=O)O*,0.000211231836
PI592,*OC(=O)c1ccc(cc1)c1ccc(cc1)C*,0.000272842323
PI593,*CC1CCC(COC(=O)CCCCCCCCC(=O)O*)CC1,0.000262542365
PI594,*OC(=O)c1ccc(cc1)C(=O)NCCNC(=O)c1ccc(cc1)C(=O)OCCCCCCCCCC*,0.000259588395
PI596,*CCOC(=O)C1CCC(C(=O)O*)CC1,0.000235244695
PI597,*OC(=O)c1ccc(cc1)c1ccc(cc1)C(=O)OCC*,0.000256386682
PI598,*OC(=O)CCCCCNC(=O)CCCCC(=O)NCCCCCC(=O)OCCCCCC*,0.000274848798
PI599,*CCCCCCOC(=O)CCCCCCCC(=O)O*,0.000283677138
PI600,*CCCCCCOC(=O)c1ccc(-c2ccc(C(=O)O*)cc2)cc1,0.000280572663
PI602,*CC(C)(C)COC(=O)CCC(=O)O*,0.000228303005
PI603,*Oc1ccc(cc1)C(c1ccc(cc1)OC(=O)CCCCC(=O)*)(C)C,0.000248641039
PI604,*CCCCCCOC(=O)c1ccc2cc(C(=O)O*)ccc2c1,0.000255211674
PI605,*CCCCCOC(=O)c1ccc2cc(C(=O)O*)ccc2c1,0.000227057601
PI606,*CCCCOC(=O)c1ccc2cc(C(=O)O*)ccc2c1,0.000224493248
PI607,*CCCOC(=O)c1ccc2cc(C(=O)O*)ccc2c1,0.000242269675
PI608,*CCCCNC(=O)CCCCC(=O)N*,0.000292070546
PI609,*NC(=O)CCCCC*,0.000291903519
PI610,*NC(=O)CCCCC(=O)NCCCCCC*,0.000307882451
PI611,*NC(=O)CCCCCCCCC(=O)NCCCCCC*,0.000308756347
PI612,*CCCCCCC(=O)N*,0.000310631867
PI613,*NC(=O)CCCCCCC*,0.000304778171
PI614,*CCCCCCCCNC(=O)CCCCCCCCC(=O)N*,0.000269519554
PI615,*CCCCCCCCC(=O)N*,0.000307321668
PI616,*CCCCCCCCCC(=O)N*,0.00030774671
PI617,*NC(=O)CCCCCCCCCC*,0.0003182294869999
PI618,*CCCCCCCCCCCC(=O)N*,0.000324815751
PI619,*CCCCCCCCCCCCC(=O)N*,0.000341259433
PI620,*NC(=O)c1ccc(cc1)CC(=O)NCCCCCC*,0.000282521025
PI621,*NC(=O)c1cc(ccc1)C(=O)Nc1ccc(cc1)c1ccc(cc1)*,0.000351335092
PI622,*CCCCCCNC(=O)c1cccc(C(=O)N*)c1,0.0002612464749999
PI623,*NC(=O)c1ccc(cc1)CC(=O)NCCC*,0.0002654586709999
PI624,*NC1CC(C)(C)CC(C)(CNC(=O)CCCCC(*)=O)C1,0.000236903048
PI625,*Cc1cccc(CNC(=O)CCCCC(=O)N*)c1,0.000254557959
PI626,*NC(=O)c1ccc(cc1)C(=O)Nc1ccc(cc1)*,0.000472805266
PI627,*NC(=O)c1ccc(cc1)C(=O)Nc1ccc(cc1)c1ccc(cc1)*,0.000576386159
PI628,*NC(=O)c1ccc(cc1)C(=O)NCCCCCC*,0.000293312511
PI629,*CCCCCCCCCNC(=O)c1ccc(C(=O)N*)cc1,0.000305511131
PI630,*S(=O)(=O)c1ccc(cc1)NC(=O)CCCCC(=O)Nc1ccc(cc1)*,0.000241731039
PI631,*NC(=O)C*,0.000375345394
PI632,*NC(CCC(=O)OC)C(*)=O,0.000256652184
PI633,*C(=O)CCCCCCCCC(=O)N1CCN(*)CC1,0.0003274392799999
PI634,*CCCC(=O)N*,0.000294452199
PI635,*CCCCNC(=O)CCCCCCC(=O)N*,0.000295312596
PI636,*CCCCNC(=O)CCCCCCCCC(=O)N*,0.0003017180159999
PI637,*CCCCCCCCCCCNC(=O)CCCCC(=O)N*,0.0002998439709999
PI638,*CCCCCCCCCCCCNC(=O)CCCCCCCCCCC(=O)N*,0.0003045919859999
PI639,*NC(=O)c1ccc(cc1)c1ccc(cc1)C(=O)NCCCCCC*,0.000289397059
PI640,*NC(=O)c1ccc(cc1)C(c1ccc(cc1)C(=O)NCCCCCC*)(C)C,0.000257140127
PI641,*CCCCCCCCCCC(=O)N(*)C,0.000308782805
PI642,*N(C(=O)CCCCC(=O)NCCCCCC*)C,0.000259093819
PI643,*N(C(=O)CCCCC(=O)N(CCCCCC*)C)C,0.000281252179
PI644,*N1C(CCC1)C(=O)*,0.000222937579
PI645,*NC(C(=O)*)CCC(=O)OCc1ccccc1,0.0002186604309999
PI646,*NC(C(=O)*)C,0.000252148669
PI648,*NC1CCC(CC2CCC(NC(=O)CCCCCCCCCCCCC(*)=O)CC2)CC1,0.0003131405099999
PI649,*NC(CCC(=O)OCCCCC)C(*)=O,0.000259084812
PI651,*NC(CCC(=O)OCCCCCC)C(*)=O,0.000271224405
PI652,*NC(CCC(=O)OCC)C(*)=O,0.0002565318489999
PI653,*NC(CCC(=O)OCCC)C(*)=O,0.000251335537
PI654,*N(C(=O)c1ccc(cc1)C(=O)N(CCCC*)C)C,0.000243271486
PI655,*CCCCCCNC(=O)c1ccc(C2(C)CC(C)(C)c3ccc(C(=O)N*)cc32)cc1,0.000232150722
PI656,*OC(=O)NCCCCC*,0.000315674518
PI657,*OC(=O)NCCCCCCNC(=O)OCCCC*,0.000309061654
PI658,*OC(=O)NCC(C(C(C(CNC(=O)OCCCC*)(F)F)(F)F)(F)F)(F)F,0.000192064224
PI659,*OC(=O)Nc1ccc(cc1)Cc1ccc(cc1)NC(=O)OCCCCCC*,0.000281163344
PI660,*OC(=O)Nc1ccc(cc1)Cc1ccc(cc1)NC(=O)OCc1cc(ccc1)C*,0.000252292339
PI661,*OC(=O)Nc1ccc(cc1)NC(=O)OCC*,0.0002966773919999
PI662,*OC(=O)Nc1cc(ccc1)NC(=O)OCC*,0.000261495011
PI663,*OC(=O)Nc1ccc(cc1)NC(=O)OCCCCCC*,0.000321009139
PI664,*OC(=O)Nc1ccc(cc1)c1ccc(cc1)NC(=O)OCC*,0.000321865027
PI665,*OC(=O)Nc1c2c(ccc1)c(ccc2)NC(=O)OCC*,0.000255175643
PI666,*NC(=O)NCCCCCC*,0.000325494009
PI667,*NC(=O)NCc1ccc(cc1)CNC(=O)NCCCCCC*,0.000292985918
PI668,*NC(=O)NCCCCCCNC(=O)Nc1ccc(cc1)Cc1ccc(cc1)*,0.0002916314139999
PI669,*NC(=O)Nc1ccc(cc1)Cc1ccc(cc1)*,0.000347852967
PI670,*C(CCCCNC(=O)NCCCCCCNC(=O)N*)C(=O)OC,0.0003023611609999
PI671,*c1ccc(Oc2ccc(N3C(=O)c4cc5C(=O)N(*)C(=O)c5cc4C3=O)cc2)cc1,0.00042519848
PI672,*c1ccc(Oc2ccc(Oc3ccc(N4C(=O)c5cc6C(=O)N(*)C(=O)c6cc5C4=O)cc3)cc2)cc1,0.000343936522
PI673,*C(=O)Oc1ccc(OC(=O)c2ccc3c(c2)C(=O)N(c2ccc(Oc4ccc(N5C(=O)c6ccc(*)cc6C5=O)cc4)cc2)C3=O)cc1,0.000351158377
PI674,*c1ccc(Sc2ccc(-n3c(=O)c4cc5c(=O)n(*)c(=O)c5cc4c3=O)cc2)cc1,0.000277607792
PI675,*n1c(=O)c2cc3c(cc2c1=O)c(=O)n(c3=O)CCCCCCCCC*,0.000291014208
PI677,*c1ccc(Oc2ccc(N3C(=O)c4ccc(Oc5ccc6c(c5)C(=O)N(*)C6=O)cc4C3=O)cc2)cc1,0.000318102166
PI678,*c1cc2c(C(=O)N(C2=O)c2ccc(cc2)S(=O)(=O)c2ccc(cc2)N2C(=O)c3c(C2=O)cc(cc3)C(=O)Nc2ccc(cc2)NC(=O)*)cc1,0.000302433401
PI679,*c1ccc2c(c1)C(=O)N(c1ccc(Cc3ccc(N4C(=O)c5ccc(C(F)(F)C(F)(F)C(*)(F)F)cc5C4=O)cc3)cc1)C2=O,0.000201372992
PI680,*c1cc2c(C(=O)N(C2=O)c2ccc(cc2)Oc2ccc(cc2)N2C(=O)c3c(C2=O)cc(cc3)C(C(C(*)(F)F)(F)F)(F)F)cc1,0.000221414687
PI681,*c1cc2c(C(=O)N(C2=O)c2ccc(cc2)S(=O)(=O)c2ccc(cc2)N2C(=O)c3c(C2=O)cc(cc3)C(=O)Nc2ccc(cc2)Oc2ccc(cc2)NC(=O)*)cc1,0.000288809096
PI684,*c1ccc(Cc2ccc(-n3c(=O)c4cc5c(=O)n(*)c(=O)c5cc4c3=O)c(C)c2)cc1C,0.0003151765839999
PI687,*c1ccc(-c2ccc(-n3c(=O)c4cc5c(=O)n(*)c(=O)c5cc4c3=O)c(C)c2)cc1C,0.000581158989
PI688,*c1ccc(-c2ccc(-n3c(=O)c4cc5c(=O)n(*)c(=O)c5cc4c3=O)c(OC)c2)cc1OC,0.000515087068
PI689,*c1cccc(N2C(=O)c3cc4C(=O)N(*)C(=O)c4cc3C2=O)c1,0.000335322506
PI690,*c1ccc(-n2c(=O)c3cc4c(=O)n(*)c(=O)c4cc3c2=O)c(C)c1,0.000618759937
PI691,*c1cccc(-n2c(=O)c3cc4c(=O)n(*)c(=O)c4cc3c2=O)c1C,0.000347931798
PI692,*c1c(C)c(C)c(-n2c(=O)c3cc4c(=O)n(*)c(=O)c4cc3c2=O)c(C)c1C,0.000514344047
PI694,*c1ccc(Oc2cccc(Oc3ccc(N4C(=O)c5cc6C(=O)N(*)C(=O)c6cc5C4=O)cc3)c2)cc1,0.000289920789
PI695,*c1ccc(Oc2ccc(-c3ccc(Oc4ccc(-n5c(=O)c6cc7c(=O)n(*)c(=O)c7cc6c5=O)cc4)cc3)cc2)cc1,0.000419114901
PI696,*c1cccc(Oc2ccc(S(=O)(=O)c3ccc(Oc4cccc(-n5c(=O)c6cc7c(=O)n(*)c(=O)c7cc6c5=O)c4)cc3)cc2)c1,0.000218423483
PI697,*c1ccc(Oc2ccc(C(c3ccc(Oc4ccc(-n5c(=O)c6cc7c(=O)n(*)c(=O)c7cc6c5=O)cc4)cc3)(C(F)(F)F)C(F)(F)F)cc2)cc1,0.0002195681349999
PI698,*c1ccc(Oc2ccc(C(C)(C)c3ccc(Oc4ccc(N5C(=O)c6cc7C(=O)N(*)C(=O)c7cc6C5=O)cc4)cc3)cc2)cc1,0.000291997587
PI699,*c1ccc(Oc2ccc(N3C(=O)c4ccc(-c5ccc6c(c5)C(=O)N(*)C6=O)cc4C3=O)cc2)cc1,0.000349285387
PI700,*c1ccc(Oc2ccc(N3C(=O)c4ccc(-c5cccc6c5C(=O)N(*)C6=O)cc4C3=O)cc2)cc1,0.000246678175
PI701,*N1C(=O)c2c(C1=O)cc(cc2)c1cc2c(C(=O)N(C2=O)c2ccc(cc2)Sc2ccc(cc2)*)cc1,0.0002660325619999
PI702,*c1ccc(Cc2ccc(N3C(=O)c4ccc(-c5ccc6c(c5)C(=O)N(*)C6=O)cc4C3=O)cc2)cc1,0.000310513378
PI703,*c1ccc2c(c1)Cc1cc(N3C(=O)c4ccc(-c5ccc6c(c5)C(=O)N(*)C6=O)cc4C3=O)ccc1-2,0.000460950768
PI704,*N1C(=O)c2c(C1=O)cc(cc2)c1cc2c(C(=O)N(C2=O)c2ccc(cc2)c2ccc(cc2)*)cc1,0.000509455585
PI705,*c1ccc(N2C(=O)c3ccc(-c4ccc5c(c4)C(=O)N(*)C5=O)cc3C2=O)cc1,0.0004816244129999
PI706,*c1cccc(N2C(=O)c3ccc(-c4ccc5c(c4)C(=O)N(*)C5=O)cc3C2=O)c1,0.000328084105
PI707,*c1ccc(C)c(N2C(=O)c3ccc(-c4ccc5c(c4)C(=O)N(*)C5=O)cc3C2=O)c1,0.000275354427
PI708,*c1ccc(N2C(=O)c3ccc(-c4ccc5c(c4)C(=O)N(*)C5=O)cc3C2=O)c(C)c1,0.000374689314
PI709,*c1cccc(N2C(=O)c3ccc(-c4ccc5c(c4)C(=O)N(*)C5=O)cc3C2=O)c1C,0.000301425488
PI710,*c1ccc(-c2ccc(N3C(=O)c4ccc(-c5ccc6c(c5)C(=O)N(*)C6=O)cc4C3=O)c(C)c2)cc1C,0.00046287727
PI711,*c1ccc(-c2ccc(N3C(=O)c4ccc(-c5ccc6c(c5)C(=O)N(*)C6=O)cc4C3=O)c(OC)c2)cc1OC,0.000401240453
PI712,*c1ccc(-c2ccc(-c3ccc(N4C(=O)c5ccc(-c6ccc7c(c6)C(=O)N(*)C7=O)cc5C4=O)cc3)cc2)cc1,0.00051076025
PI713,*c1cccc2c(N3C(=O)c4ccc(-c5ccc6c(c5)C(=O)N(*)C6=O)cc4C3=O)cccc12,0.000315217824
PI714,*c1ccc(Cc2ccc(N3C(=O)c4ccc(-c5ccc6c(c5)C(=O)N(*)C6=O)cc4C3=O)c(C)c2)cc1C,0.000279064652
PI715,*c1ccc(N2C(=O)c3ccc(-c4ccc5c(c4)C(=O)N(*)C5=O)cc3C2=O)nc1,0.000482912726
PI716,*c1ccc(Oc2ccc(-c3ccc(Oc4ccc(N5C(=O)c6ccc(-c7ccc8c(c7)C(=O)N(*)C8=O)cc6C5=O)cc4)cc3)cc2)cc1,0.000339042351
PI717,*c1ccc(Oc2ccc(C(C)(C)c3ccc(Oc4ccc(N5C(=O)c6ccc(-c7ccc8c(c7)C(=O)N(*)C8=O)cc6C5=O)cc4)cc3)cc2)cc1,0.0003171847629999
PI718,*c1ccc(Oc2ccc(C(c3ccc(Oc4ccc(N5C(=O)c6ccc(-c7ccc8c(c7)C(=O)N(*)C8=O)cc6C5=O)cc4)cc3)(C(F)(F)F)C(F)(F)F)cc2)cc1,0.000230715582
PI719,*c1cccc(Oc2ccc(S(=O)(=O)c3ccc(Oc4cccc(N5C(=O)c6ccc(-c7ccc8c(c7)C(=O)N(*)C8=O)cc6C5=O)c4)cc3)cc2)c1,0.000227124785
PI720,*N1C(=O)c2c(C1=O)cc(cc2)Oc1cc2c(C(=O)N(C2=O)CCCCCC*)cc1,0.000218711009
PI721,*c1ccc(N2C(=O)c3ccc(Oc4ccc5c(c4)C(=O)N(*)C5=O)cc3C2=O)cc1,0.000341065511
PI722,*N1C(=O)c2c(C1=O)cc(cc2)Oc1cc2c(C(=O)N(C2=O)c2ccc(cc2)c2ccc(cc2)*)cc1,0.000314812658
PI723,*c1cccc(Oc2ccc(N3C(=O)c4ccc(Oc5ccc6c(c5)C(=O)N(*)C6=O)cc4C3=O)cc2)c1,0.000248953031
PI724,*c1ccc(Oc2cccc(Oc3ccc(N4C(=O)c5ccc(Oc6ccc7c(c6)C(=O)N(*)C7=O)cc5C4=O)cc3)c2)cc1,0.000239797409
PI725,*c1ccc(Oc2ccc(Oc3ccc(N4C(=O)c5ccc(Oc6ccc7c(c6)C(=O)N(*)C7=O)cc5C4=O)cc3)cc2)cc1,0.000260809088
PI726,*c1cccc(Oc2ccc(N3C(=O)c4ccc(C(c5ccc6c(c5)C(=O)N(*)C6=O)(C(F)(F)F)C(F)(F)F)cc4C3=O)cc2)c1,0.000170631828
PI727,*c1ccc(Oc2ccc(N3C(=O)c4ccc(C(c5ccc6c(c5)C(=O)N(*)C6=O)(C(F)(F)F)C(F)(F)F)cc4C3=O)cc2)cc1,0.000205297018
PI728,*c1ccc(Oc2ccc(Oc3ccc(N4C(=O)c5ccc(C(c6ccc7c(c6)C(=O)N(*)C7=O)(C(F)(F)F)C(F)(F)F)cc5C4=O)cc3)cc2)cc1,0.00020429123
PI729,*c1ccc2c(c1)C(=O)N(c1ccc(Oc3cccc(Oc4ccc(N5C(=O)c6ccc(C(*)(C(F)(F)F)C(F)(F)F)cc6C5=O)cc4)c3)cc1)C2=O,0.000179360522
PI730,*c1ccc2c(c1)C(=O)N(c1cccc(Oc3cccc(Oc4cccc(N5C(=O)c6ccc(C(*)(C(F)(F)F)C(F)(F)F)cc6C5=O)c4)c3)c1)C2=O,0.000163896306
PI731,*c1cc2c(C(=O)N(C2=O)c2cc(ccc2)C(=O)c2cc(ccc2)N2C(=O)c3c(C2=O)cc(cc3)C(=O)*)cc1,0.00023166303
PI732,*c1cc2c(C(=O)N(C2=O)c2cc(ccc2)NC(=O)c2cc(ccc2)N2C(=O)c3c(C2=O)cc(cc3)C(=O)*)cc1,0.000248247801
PI733,*C(=O)c1ccc2c(c1)C(=O)N(c1cccc(C(=O)Nc3ccc(N4C(=O)c5ccc(*)cc5C4=O)cc3)c1)C2=O,0.000282680928
PI734,*C(=O)c1ccc2c(c1)C(=O)N(c1ccc(C(=O)Nc3cccc(N4C(=O)c5ccc(*)cc5C4=O)c3)cc1)C2=O,0.0002991901209999
PI735,*C(=O)c1ccc2c(c1)C(=O)N(c1cccc(C(=O)N(C)c3ccc(N4C(=O)c5ccc(*)cc5C4=O)cc3)c1)C2=O,0.000253404651
PI736,*C(=O)c1ccc2c(c1)C(=O)N(c1ccc(Oc3ccc(C(=O)c4cccc(C(=O)c5ccc(Oc6ccc(N7C(=O)c8ccc(*)cc8C7=O)cc6)cc5)c4)cc3)cc1)C2=O,0.000261879265
PI737,*c1cccc(N2C(=O)c3ccc(C(=O)c4ccc5c(c4)C(=O)N(*)C5=O)cc3C2=O)c1,0.000246673488
PI738,*C(=O)c1ccc2c(c1)C(=O)N(c1ccc(C)c(N3C(=O)c4ccc(*)cc4C3=O)c1)C2=O,0.000229606072
PI739,*C(=O)c1ccc2c(c1)C(=O)N(c1ccc(N3C(=O)c4ccc(*)cc4C3=O)c(C)c1)C2=O,0.00027875452
PI740,*C(=O)c1ccc2c(c1)C(=O)N(c1cccc(N3C(=O)c4ccc(*)cc4C3=O)c1C)C2=O,0.000256559347
PI741,*C(=O)c1ccc2c(c1)C(=O)N(c1c(C)c(C)c(N3C(=O)c4ccc(*)cc4C3=O)c(C)c1C)C2=O,0.000259917753
PI742,*C(=O)c1ccc2c(c1)C(=O)N(c1ccc(-c3ccc(N4C(=O)c5ccc(*)cc5C4=O)c(C)c3)cc1C)C2=O,0.0003105729
PI743,*C(=O)c1ccc2c(c1)C(=O)N(c1ccc(-c3ccc(N4C(=O)c5ccc(*)cc5C4=O)c(OC)c3)cc1OC)C2=O,0.000299180817
PI744,*C(=O)c1ccc2c(c1)C(=O)N(c1ccc(-c3ccc(-c4ccc(N5C(=O)c6ccc(*)cc6C5=O)cc4)cc3)cc1)C2=O,0.000373595654
PI745,*C(=O)c1ccc2c(c1)C(=O)N(c1ccc3c(c1)Cc1cc(N4C(=O)c5ccc(*)cc5C4=O)ccc1-3)C2=O,0.0003325687
PI746,*c1ccc(Oc2ccc(N3C(=O)c4ccc(C(=O)c5ccc6c(c5)C(=O)N(*)C6=O)cc4C3=O)cc2)cc1,0.000287757726
PI747,*C(=O)c1ccc2c(c1)C(=O)N(c1ccc(Sc3ccc(N4C(=O)c5ccc(*)cc5C4=O)cc3)cc1)C2=O,0.000237456292
PI748,*C(=O)c1ccc2c(c1)C(=O)N(c1ccc(Cc3ccc(N4C(=O)c5ccc(*)cc5C4=O)cc3)cc1)C2=O,0.000272615302
PI749,*C(=O)c1ccc2c(c1)C(=O)N(c1ccc(Cc3ccc(N4C(=O)c5ccc(*)cc5C4=O)c(C)c3)cc1C)C2=O,0.000253414349
PI750,*C(=O)c1ccc2c(c1)C(=O)N(c1ccc(N3C(=O)c4ccc(*)cc4C3=O)nc1)C2=O,0.0002930577959999
PI751,*C(=O)c1ccc2c(c1)C(=O)N(c1ccc(-c3ccc(N4C(=O)c5ccc(*)cc5C4=O)cc3)cc1)C2=O,0.0003740044269999
PI752,*c1ccc(N2C(=O)c3ccc(C(=O)c4ccc5c(c4)C(=O)N(*)C5=O)cc3C2=O)cc1,0.00031707915
PI753,*c1cc2c(C(=O)N(C2=O)c2cc(ccc2)OCCOCCOc2cc(ccc2)N2C(=O)c3c(C2=O)cc(cc3)C(=O)*)cc1,0.000232989048
PI754,*C(=O)c1ccc2c(c1)C(=O)N(c1ccc(Oc3ccc(-c4ccc(Oc5ccc(N6C(=O)c7ccc(*)cc7C6=O)cc5)cc4)cc3)cc1)C2=O,0.0003319456599999
PI755,*c1ccc(Oc2ccc(C(C)(C)c3ccc(Oc4ccc(N5C(=O)c6ccc(C(=O)c7ccc8c(c7)C(=O)N(*)C8=O)cc6C5=O)cc4)cc3)cc2)cc1,0.000278491279
PI756,*C(=O)c1ccc2c(c1)C(=O)N(c1ccc(Oc3ccc(C(c4ccc(Oc5ccc(N6C(=O)c7ccc(*)cc7C6=O)cc5)cc4)(C(F)(F)F)C(F)(F)F)cc3)cc1)C2=O,0.000230541679
PI758,*N1C(=O)c2c(C1=O)cc(cc2)Oc1ccc(cc1)S(=O)(=O)c1ccc(cc1)Oc1cc2c(C(=O)N(C2=O)c2cc(ccc2)S(=O)(=O)c2cc(ccc2)*)cc1,0.000196371018
PI759,*c1cccc(N2C(=O)c3ccc(Oc4ccc(C(C)(C)c5ccc(Oc6ccc7c(c6)C(=O)N(*)C7=O)cc5)cc4)cc3C2=O)c1,0.000234647472
PI760,*N1C(=O)c2c(C1=O)cc(cc2)Oc1ccc(cc1)S(=O)(=O)c1ccc(cc1)Oc1cc2c(C(=O)N(C2=O)c2cc(ccc2)*)cc1,0.0002225218039999
PI761,*N1C(=O)c2c(C1=O)cc(cc2)Oc1ccc(cc1)S(=O)(=O)c1ccc(cc1)Oc1cc2c(C(=O)N(C2=O)c2ccc(cc2)Oc2ccc(cc2)*)cc1,0.000247598756
PI762,*c1ccc2c(c1)C(=O)N(c1ccc(Cc3ccc(N4C(=O)c5ccc(C(*)(C(F)(F)F)C(F)(F)F)cc5C4=O)cc3)cc1)C2=O,0.0001976393559999
PI763,*c1ccc2c(c1)C(=O)N(c1ccc(C(C)(C)c3ccc(N4C(=O)c5ccc(C(*)(C(F)(F)F)C(F)(F)F)cc5C4=O)cc3)cc1)C2=O,0.000188288469
PI764,*C(=O)NCCNC(=O)c1ccc(N2C(=O)c3ccc(*)cc3C2=O)cc1,0.000262578056
PI765,*c1cc2c(C(=O)N(C2=O)c2ccc(cc2)C(=O)NCCCCCCNC(=O)*)cc1,0.00030396234
PI766,*C(=O)Nc1ccc(Cc2ccc(NC(=O)c3ccc(N4C(=O)c5ccc(*)cc5C4=O)cc3)cc2)cc1,0.000335151924
PI767,*C(=O)NC1CCC(CC2CCC(NC(=O)c3ccc(N4C(=O)c5ccc(*)cc5C4=O)cc3)CC2)CC1,0.000308291763
PI768,*c1cccc(N2C(=O)c3ccc(Oc4ccc5c(c4)C(=O)N(*)C5=O)cc3C2=O)c1,0.000256393833
PI769,*N1C(=O)c2c(C1=O)cc(cc2)Oc1cc2c(C(=O)N(C2=O)c2ccc(cc2)Cc2ccc(cc2)*)cc1,0.000279008786
PI770,*c1ccc(Oc2ccc(N3C(=O)c4ccc(Oc5ccc(C(c6ccc(Oc7ccc8c(c7)C(=O)N(*)C8=O)cc6)(C(F)(F)F)C(F)(F)F)cc5)cc4C3=O)cc2)cc1,0.0002201066419999
PI771,*c1cccc(Oc2ccc(N3C(=O)c4ccc(-c5ccc6c(c5)C(=O)N(*)C6=O)cc4C3=O)cc2)c1,0.000281444426
PI772,*C(=O)Nc1ccccc1NC(=O)c1ccc(N2C(=O)c3ccc(*)cc3C2=O)cc1,0.000229940242
PI773,*C(=O)Nc1cccc(NC(=O)/C=C/c2cccc(N3C(=O)c4ccc(*)cc4C3=O)c2)c1,0.000283388677
PI774,*C(=O)Nc1cccc(/C=C/C(=O)/C=C/c2cccc(NC(=O)c3ccc(N4C(=O)c5ccc(*)cc5C4=O)cc3)c2)c1,0.000288072027
PI775,*c1ccc2c(c1)C(=O)N(c1ccc(Oc3ccc(N4C(=O)c5ccc(C(C)(C)CCCCC(*)(C)C)cc5C4=O)cc3)cc1)C2=O,0.000234181621
PI776,*c1ccc(Oc2cccc3c(Oc4ccc(-n5c(=O)c6cc7c(=O)n(*)c(=O)c7cc6c5=O)cc4)cccc23)cc1,0.000317593927
PI777,*N1C(=O)c2c(C1=O)cc(cc2)Oc1cc2c(C(=O)N(C2=O)c2ccc(cc2)Oc2c3c(ccc2)c(ccc3)Oc2ccc(cc2)*)cc1,0.000272013483
PI778,*C(=O)c1ccc2c(c1)C(=O)N(c1ccc(Oc3cccc4c(Oc5ccc(N6C(=O)c7ccc(*)cc7C6=O)cc5)cccc34)cc1)C2=O,0.000253248203
PI779,*c1ccc2c(c1)C(=O)N(c1ccc(Oc3ccc(C(c4ccc(Oc5ccc(N6C(=O)c7ccc(C(*)(C(F)(F)F)C(F)(F)F)cc7C6=O)cc5)cc4)(C(F)(F)F)C(F)(F)F)cc3)cc1)C2=O,0.0001788243039999
PI780,*c1ccc(N2C(=O)c3ccc(C(c4ccc5c(c4)C(=O)N(*)C5=O)(C(F)(F)F)C(F)(F)F)cc3C2=O)cc1,0.000195860266
PI781,*c1ccc2c(c1)C(=O)N(c1ccc(C(c3ccc(N4C(=O)c5ccc(C(*)(C(F)(F)F)C(F)(F)F)cc5C4=O)cc3)(C(F)(F)F)C(F)(F)F)cc1)C2=O,0.000150988967
PI782,*c1ccc2c(c1)C(=O)N(c1c(C)cc(C)c(N3C(=O)c4ccc(C(*)(C(F)(F)F)C(F)(F)F)cc4C3=O)c1C)C2=O,0.000150371313
PI783,*c1ccc2c(c1)C(=O)N(c1c(C)c(C)c(N3C(=O)c4ccc(C(*)(C(F)(F)F)C(F)(F)F)cc4C3=O)c(C)c1C)C2=O,0.00016438311
PI784,*c1ccc(Oc2cc3ccccc3cc2Oc2ccc(N3C(=O)c4ccc(-c5ccc6c(c5)C(=O)N(*)C6=O)cc4C3=O)cc2)cc1,0.000254618417
PI785,*c1ccc(Oc2cc3ccccc3cc2Oc2ccc(N3C(=O)c4ccc(Oc5ccc6c(c5)C(=O)N(*)C6=O)cc4C3=O)cc2)cc1,0.00023259708
PI786,*C(=O)c1ccc2c(c1)C(=O)N(c1ccc(Oc3cc4ccccc4cc3Oc3ccc(N4C(=O)c5ccc(*)cc5C4=O)cc3)cc1)C2=O,0.000240362753
PI787,*c1ccc(Oc2cc3ccccc3cc2Oc2ccc(N3C(=O)c4ccc(S(=O)(=O)c5ccc6c(c5)C(=O)N(*)C6=O)cc4C3=O)cc2)cc1,0.000204011822
PI788,*c1ccc(C(c2ccccc2)(c2ccc(-n3c(=O)c4cc5c(=O)n(*)c(=O)c5cc4c3=O)cc2)C(F)(F)F)cc1,0.0002423597879999
PI789,*c1ccc(N2C(=O)c3ccc(-c4cccc5c4C(=O)N(*)C5=O)cc3C2=O)cc1,0.000249325732
PI790,*CC1(C)CC(*)(C)C(=O)OC1=O,0.000185992809
PI791,*OC(=O)OCCCCCC*,0.000272889143
PI792,*OC(=O)OCC(C(C(C(C*)(F)F)(F)F)(F)F)(F)F,0.000145276489
PI793,*Oc1ccc(cc1)C(c1ccc(cc1)OC(=O)*)(C)C,0.000239631003
PI794,*Oc1ccc(C(C)(CCC)c2ccc(OC(*)=O)cc2)cc1,0.000244337041
PI795,*Oc1ccc(C(C)(C)c2ccc(OC(*)=O)c(C)c2)cc1C,0.000235991215
PI796,*Oc1c(Cl)cc(C(C)(C)c2cc(Cl)c(OC(*)=O)c(Cl)c2)cc1Cl,0.000135267254
PI797,*Oc1c(Br)cc(C(C)(C)c2cc(Br)c(OC(*)=O)c(Br)c2)cc1Br,0.000116199931
PI798,*Oc1ccc(C(C)(c2ccccc2)c2ccc(OC(*)=O)cc2)cc1,0.000234250441
PI799,*Oc1ccc(C(CCC)(CCC)c2ccc(OC(*)=O)cc2)cc1,0.000229886318
PI800,*Oc1ccc(cc1)C1(CCCC1)c1ccc(cc1)OC(=O)*,0.000233473598
PI801,*Oc1ccc(C2(c3ccc(OC(*)=O)cc3)CCCCC2)cc1,0.000218561417
PI802,*Oc1ccc(C2(c3ccc(OC(*)=O)c(C)c3)CCCCC2)cc1C,0.000233405574
PI803,*Oc1ccc(cc1)C1(c2ccccc2c2ccccc12)c1ccc(cc1)OC(=O)*,0.000207936405
PI804,*Oc1ccc(cc1)C(c1ccc(cc1)OC(=O)*)(c1ccccc1)c1ccccc1,0.000211523164
PI805,*Oc1ccc(cc1)C(c1ccc(cc1)OC(=O)*)(C(F)(F)F)C(F)(F)F,0.00016903023
PI806,*Oc1ccc(cc1)C(c1ccc(cc1)OC(=O)*)(c1ccccc1)C#N,0.000214219488
PI807,*Oc1c(C)cc(C(C)(C)c2cc(C)c(OC(*)=O)c(C)c2)cc1C,0.000212399138
PI808,*Oc1c(cc(cc1)C(c1ccc(cc1)C(c1cc(c(cc1)OC(=O)*)C)(C)C)(C)C)C,0.000234165789
PI809,*Oc1cc(ccc1)CCCCCCCCCCc1cc(ccc1)OC(=O)*,0.000235809342
PI810,*Oc1ccc(C(C)(C)c2ccc(OC(*)=O)c(C(C)C)c2)cc1C(C)C,0.000230822589
PI811,*Oc1ccc(cc1)C(=O)CCCCCCCCC(=O)c1ccc(cc1)OC(=O)*,0.000270982629
PI812,*Oc1ccc(cc1)S(=O)(=O)c1ccc(cc1)OC(=O)*,0.000224611569
PI813,*OC(=O)OCc1ccc(cc1)C*,0.000250103805
PI814,*Oc1ccc(C(=C(Cl)Cl)c2ccc(OC(*)=O)cc2)cc1,0.000199949495
PI815,*Oc1ccc(cc1)OC(=O)Oc1ccc(cc1)c1ccc(cc1)OC(=O)*,0.000329371007
PI816,*Oc1cc2c(cc1)ccc(c2)OC(=O)Oc1ccc(cc1)OC(=O)*,0.000263470354
PI817,*Oc1c2c(ccc1)c(ccc2)OC(=O)Oc1ccc(cc1)OC(=O)*,0.000241562638
PI818,*c1ccc(-c2nc3cc(-c4ccc5nc(-c6ccccc6)c(*)nc5c4)ccc3nc2-c2ccccc2)cc1,0.00025797031
PI819,*c1ccc(-c2nc3cc(-c4ccc5nc(*)c(-c6ccccc6)nc5c4)ccc3nc2-c2ccccc2)cc1,0.000300076156
PI820,*c1cccc(-c2nc3cc(-c4ccc5nc(*)c(-c6ccccc6)nc5c4)ccc3nc2-c2ccccc2)c1,0.000231952429
PI821,*c1ccc(-c2nc3cc(-c4ccc5nc(*)c(-c6ccc7ccccc7c6)nc5c4)ccc3nc2-c2ccc3ccccc3c2)cc1,0.0002741479259999
PI822,*c1cccc(-c2nc3cc(-c4ccc5nc(*)c(-c6ccc7ccccc7c6)nc5c4)ccc3nc2-c2ccc3ccccc3c2)c1,0.0002446144789999
PI823,*N=P(*)(OCC(F)(F)F)OCC(F)(F)F,0.000138820064
PI825,*Oc1ccc(C(=O)c2ccc(*)cc2)cc1,0.000276789879
PI826,*CCCCCCS(*)(=O)=O,0.000239977769
PI827,*OS(=O)(=O)c1ccc(*)cc1,0.000186803621
PI829,*CCc1ccc(*)c(C)c1,0.000255021494
PI830,*CCc1cc(C)c(*)cc1C,0.000262219285
PI831,*CCc1ccc(*)c(Cl)c1,0.000178005409
PI832,*c1ccc(C(Cl)(Cl)C(*)Cl)cc1,0.0001197767579999
PI833,*C1CCC(*)C1,0.0002849223779999
PI834,*C1C2CC(C)C(C2)C1*,0.000171048226
PI835,*C1CC2CC1C(*)C2CCCC,0.000241394354
PI836,*C1CC2CC1C(*)C2CCCCCC,0.000261321169
PI837,*CC(*)(C)c1ccc2ccccc2c1,0.0001861411249999
PI838,*CCC(c1ccccc1)C(*)c1ccccc1,0.000202492274
PI840,*/C(Cl)=C(/*)c1ccccc1,0.000185906754
PI841,*/C=C(/*)c1ccc(C#C)cc1,0.000298685003
PI842,*/C=C(/*)c1cccc(C#C)c1,0.000274746743
PI843,*/C=C/C(C(=O)OCc1ccc(Cl)cc1)C(*)C(=O)OCc1ccc(Cl)cc1,0.000171830845
PI844,*/C=C(/*)c1ccc(-c2ccc(C#C)cc2)cc1,0.000264801989
PI845,*CC(*)C(=O)OCC(C)O,0.000280976264
PI846,*CC(*)(CC(=O)OCCCCCCCC)C(=O)OCCCCCCCC,0.000275383563
PI847,*CC(*)(CC(=O)OCCCCCCCCC)C(=O)OCCCCCCCCC,0.00027657995
PI848,*CC(*)C(=O)n1c2ccccc2c2ccccc21,0.000185889246
PI849,*CC(*)C(=O)OC(OCC)C(F)(F)F,0.000183494514
PI850,*CC(*)(C)C(=O)OC(OCC)C(F)(F)F,0.000158540956
PI851,*CC(*)(CC(=O)Oc1ccc(OCCCCCCC)cc1)C(=O)Oc1ccc(OCCCCCCC)cc1,0.000278660635
PI852,*CC(*)(C)C(=O)Oc1c(C)cccc1C,0.000211223838
PI853,*CC(*)(C)C(=O)OCCCCCCN(C)c1ccc(/N=N/c2ccc(S(C)(=O)=O)cc2)cc1,0.0002398014159999
PI854,*C([2H])([2H])C(*)(C(=O)OC([2H])([2H])[2H])C([2H])([2H])[2H],0.000200554319
PI855,*C(*)C(=O)OC(C)C,0.000218613254
PI856,*CC(*)(C)C(=O)Oc1c(C(C)C)cccc1C(C)C,0.000201358713
PI857,*CC(*)(C)C(=O)OCC(=O)c1ccccc1,0.000206062145
PI858,*CC(*)(C)C(=O)OCc1ccc(Cl)c(Cl)c1,0.000142399015
PI859,*CC(*)(C)C(=O)OCc1cccc(Cl)c1,0.000156695253
PI860,*CC(*)(C)C(=O)OCc1ccc(Cl)cc1,0.000167641229
PI861,*CC(*)(C)C(=O)OCc1cccc(Cl)c1Cl,0.00014256689
PI862,*CC(*)(C)C(=O)OCc1ccc(Cl)cc1Cl,0.000134920498
PI863,*CC(*)(C)C(=O)OCc1cc(Cl)ccc1Cl,0.000138323775
PI864,*CC(*)(C)C(=O)OCc1c(Cl)cccc1Cl,0.000140187539
PI865,*CC(*)(C)C(=O)OCc1cc(Cl)cc(Cl)c1,0.000129715026
PI866,*/C=C(/*)C(C)(C)C,0.000284244599
PI867,*C1C(*)C2CC1C1C=CCC12,0.0001614584759999
PI868,*/C(C)=C(/*)C(C)C,0.000320934176
PI869,*OC1C(CO)OC(*)C(O)C1O,0.000321583167
PI870,*Oc1cc(C)c(*)c(C)c1Br,0.000179808547
PI871,*CCC(C)CO*,0.0002316499019999
PI872,*Oc1ccc2[nH]c(-c3ccc4c(c3)-c3cc(-c5nc6cc(*)ccc6[nH]5)ccc3S4(=O)=O)nc2c1,0.000242108846
PI873,*C1Oc2ccccc2C1*,0.000154427579
PI874,*Oc1ccc2[nH]c(-c3ccc4sc5ccc(-c6nc7cc(*)ccc7[nH]6)cc5c4c3)nc2c1,0.000241468326
PI875,*OC(F)(F)C(F)(F)C(*)(F)F,0.000112134181
PI876,*c1ccc(Oc2ccc(C(=O)c3ccc(Oc4ccc(C5(*)OC(=O)c6ccccc65)cc4)cc3)cc2)cc1,0.000249754092
PI877,*Oc1cccc(Oc2cccc(*)c2)c1C#N,0.000192496388
PI878,*C(=O)Oc1ccc(C(C)(C)c2ccc(OC(=O)c3ccc4c(c3)C(=O)n3c-4nc4ccc(Oc5ccc6c(c5)nc5n6C(=O)c6ccc(*)cc6-5)cc43)cc2)cc1,0.000251191461
PI879,*Oc1ccc(NC(=O)c2ccc(C(c3ccc(C(=O)O)c(C(=O)Nc4cc(*)ccc4N)c3)(C(F)(F)F)C(F)(F)F)cc2C(=O)O)c(N)c1,0.000228404459
PI880,*c1ccc2c(c1)-c1nc3cc(Oc4ccc5c(c4)nc4n5C(=O)c5cc(C(*)(C(F)(F)F)C(F)(F)F)ccc5-4)ccc3n1C2=O,0.000183522496
PI881,*Oc1ccc(S(=O)(=O)c2ccc(Oc3ccc(C(C)(C)c4ccc(*)cc4)cc3[N+](=O)[O-])cc2)cc1,0.00020299693
PI882,*Oc1ccc(S(=O)(=O)c2ccc(Oc3ccc(C(C)(C)c4ccc(*)cc4)cc3)c([N+](=O)[O-])c2)cc1[N+](=O)[O-],0.000200486029
PI883,*Oc1ccc(S(=O)(=O)c2ccc(Oc3c(C)cc(C(c4cc(C)c(*)c(C)c4)(C(F)(F)F)C(F)(F)F)cc3C)cc2)cc1,0.000154355563
PI885,*CC(=C)COCC(=C)COC(=O)O*,0.000245695552
PI886,*OC1C(COC(C)=O)OC(*)C(OC(C)=O)C1OC(C)=O,0.00020138397
PI887,*Oc1ccc(SC(=O)Sc2ccc(*)cc2)cc1,0.000187987361
PI888,*Oc1ccc(SC(=O)Oc2ccc(C(C)(C)c3ccc(OC(=O)Sc4ccc(*)cc4)cc3)cc2)cc1,0.000202245531
PI889,*Oc1ccc(NC(=O)c2cc(C(c3ccc(C(=O)O)c(C(=O)Nc4ccc(Oc5ccc(C(c6ccc(*)cc6)(C(F)(F)F)C(F)(F)F)cc5)cc4)c3)(C(F)(F)F)C(F)(F)F)ccc2C(=O)O)cc1,0.000189394728
PI890,*OC1C(CO)OC(*)C(N)C1O,0.000348907876
PI891,*Oc1ccc(S(=O)(=O)c2ccc(Oc3ccc(C(=O)c4cc(Br)cc(C(=O)c5ccc(*)cc5)c4)cc3)cc2)cc1,0.000179353601
PI892,*Oc1ccc(S(=O)(=O)c2ccc(Oc3ccc(C(=O)c4cc(I)cc(C(=O)c5ccc(*)cc5)c4)cc3)cc2)cc1,0.000179849923
PI893,*Oc1ccc(S(=O)(=O)c2ccc(Oc3ccc(C(=O)c4cc(C(=O)c5ccc(*)cc5)cc(C(C)(C)C)c4)cc3)cc2)cc1,0.00021459288
PI894,*Oc1ccc(C(c2ccc(Oc3ccc(C(=O)c4cccc(C(=O)c5ccc(*)cc5)c4)cc3)cc2)(C(F)(F)F)C(F)(F)F)cc1,0.000179786563
PI896,*Oc1ccc(C(=O)Nc2cccc(C(O)Cc3ccc(NC(=O)c4ccc(*)cc4)cc3)c2)cc1,0.000286060508
PI897,*C1(OC(C(C1(C(C(*)(F)F)(F)F)F)(F)F)(F)F)F,0.000111266374
PI898,*Oc1cc(C(C)(C)C)c(Oc2ccc(C(=O)Nc3ccc(C(C)(C)c4ccc(NC(=O)c5ccc(*)cc5)cc4)cc3)cc2)cc1C(C)(C)C,0.000283670086
PI899,*Oc1cc(C(C)(C)C)c(Oc2ccc(C(=O)Nc3ccc(C(C)(C)c4ccc(NC(=O)c5ccc(*)cc5)c(C)c4)cc3C)cc2)cc1C(C)(C)C,0.000270258521
PI900,*Oc1cc(C(C)(C)C)c(Oc2ccc(C(=O)Nc3c(C)cc(C(C)(C)c4cc(C)c(NC(=O)c5ccc(*)cc5)c(C)c4)cc3C)cc2)cc1C(C)(C)C,0.00026981997
PI901,*Oc1cc(C(C)(C)C)c(Oc2ccc(C(=O)Nc3c(C)cc(Cc4cc(C)c(NC(=O)c5ccc(*)cc5)c(C(C)C)c4)cc3C(C)C)cc2)cc1C(C)(C)C,0.000244338127
PI902,*Oc1cc(C(C)(C)C)c(Oc2ccc(C(=O)Nc3ccc(C(c4ccc(NC(=O)c5ccc(*)cc5)cc4)(C(F)(F)F)C(F)(F)F)cc3)cc2)cc1C(C)(C)C,0.000215611584
PI903,*Oc1ccc(Oc2ccc(C(=O)c3ccc(C(=O)c4ccc(*)cc4)c4ccccc34)cc2)cc1,0.000231751558
PI907,*Oc1ccc(S(=O)(=O)c2ccc(Oc3ccc(C(C)(C)c4ccc(*)c(C(O)(C(F)(F)F)C(F)(F)F)c4)cc3C(O)(C(F)(F)F)C(F)(F)F)cc2)cc1,0.000165410873
PI908,*Oc1ccc(S(=O)(=O)c2ccc(Oc3ccc(C(C)(C)c4ccc(*)c(C(OC)(C(F)(F)F)C(F)(F)F)c4)cc3C(OC)(C(F)(F)F)C(F)(F)F)cc2)cc1,0.00013816211
PI909,*Oc1ccc(S(=O)(=O)c2ccc(Oc3c(C)cc(C(C)(C)c4cc(C)c(*)c(C)c4)cc3C)cc2C(O)(C(F)(F)F)C(F)(F)F)c(C(O)(C(F)(F)F)C(F)(F)F)c1,0.000152623848
PI910,*Oc1ccc2c(c1)nc1n2C(=O)c2ccc(-c3ccc4c(c3)C(=O)n3c-4nc4ccc(*)cc43)cc2-1,0.0002698367469999
PI911,*Oc1ccc2c(c1)nc1c3cc4c(=O)n5c6cc(*)ccc6nc5c4cc3c(=O)n21,0.000289671931
PI913,*c1ccc2c(c1)-c1nc3cc(Oc4ccc5nc6n(c5c4)C(=O)c4cc(C(*)(C(F)(F)F)C(F)(F)F)ccc4-6)ccc3n1C2=O,0.000176963476
PI914,*c1ccc(*)s1,0.000597038429
PI915,*c1ccc2c(c1)-c1cc(-c3nc4cc(-c5ccc6[nH]c(*)nc6c5)ccc4[nH]3)ccc1S2(=O)=O,0.000266970833
PI916,*Cc1ccc2[nH]c(-c3ccc4c(c3)-c3cc(-c5nc6cc(*)ccc6[nH]5)ccc3S4(=O)=O)nc2c1,0.0002337161859999
PI917,*c1ccc2sc3ccc(-c4nc5cc(-c6ccc7[nH]c(*)nc7c6)ccc5[nH]4)cc3c2c1,0.000263202779
PI918,*Cc1ccc2[nH]c(-c3ccc4sc5ccc(-c6nc7cc(*)ccc7[nH]6)cc5c4c3)nc2c1,0.000230983773
PI919,*c1cc(CCCC)c(*)s1,0.000320117807
PI920,*Oc1ccc(C(C)(c2ccccc2)c2ccc(OC(=O)c3cccc(C(*)=O)c3)cc2)cc1,0.000225378547
PI921,*Oc1ccc(C(c2ccccc2)(c2ccccc2)c2ccc(OC(=O)c3cccc(C(*)=O)c3)cc2)cc1,0.000211413189
PI922,*Oc1ccc(C(C)(C)c2ccc(OC(=O)c3ccc(C(=O)c4ccc(C(*)=O)cc4)cc3)cc2)cc1,0.000257727428
PI923,*CCCCCCCCOC(=O)c1cccc(C(=O)O*)c1,0.000236431842
PI925,*c1cc(Br)c(OC(=O)c2ccc(C(=O)Oc3c(Br)cc(C4(*)OC(=O)c5ccccc54)cc3Br)cc2)c(Br)c1,0.000155531081
PI926,*CCCCCCS(=O)(=O)c1ccc(/N=N/c2ccc(N(C)CCCCCC(=O)O*)cc2)cc1,0.000249228862
PI927,*CCCS(=O)(=O)c1ccc(/N=N/c2ccc(N(CCCC)CC(=O)O*)cc2)cc1,0.000225556948
PI928,*Oc1ccc(OC(=O)c2cc(OCCCCCCCCCCCC)c(C(*)=O)cc2OCCCCCCCCCCCC)cc1,0.000305736886
PI929,*Oc1ccc2c(c1)C1(CC2(C)C)CC(C)(C)c2ccc(OC(=O)c3ccc(C(*)=O)cc3)cc21,0.000202420703
PI930,*Oc1ccc2c(c1)C1(CC2(C)C)CC(C)(C)c2ccc(OC(=O)c3cccc(C(*)=O)c3)cc21,0.000197787592
PI931,*CCOC(=O)NCC1(C)CC(NC(=O)O*)CC(C)(C)C1,0.0002375428149999
PI932,*Oc1ccc(C(C)(C)c2ccc(OC(=O)c3ccccc3/C=C/c3ccc(/C=C/c4ccccc4C(*)=O)cc3)cc2)cc1,0.000217293555
PI933,*Oc1ccc(C(C)(C)c2ccc(OC(=O)c3ccccc3/C=C/c3ccc(/C=C/c4ccccc4C(*)=O)cc3)c(C)c2)cc1C,0.000219509175
PI934,*Oc1ccc(S(=O)(=O)c2ccc(OC(=O)c3ccccc3/C=C/c3ccc(/C=C/c4ccccc4C(*)=O)cc3)cc2)cc1,0.000201310165
PI935,*c1ccc(OC(=O)c2ccccc2/C=C/c2ccc(/C=C/c3ccccc3C(=O)Oc3ccc(C4(*)OC(=O)c5ccccc54)cc3)cc2)cc1,0.000217641609
PI936,*Oc1cccc2c(OC(=O)c3ccccc3/C=C/c3ccc(/C=C/c4ccccc4C(*)=O)cc3)cccc12,0.000220093628
PI937,*Oc1cccc2ccc(OC(=O)c3ccccc3/C=C/c3ccc(/C=C/c4ccccc4C(*)=O)cc3)cc12,0.000204757868
PI938,*Oc1ccc2ccc(OC(=O)c3ccccc3/C=C/c3ccc(/C=C/c4ccccc4C(*)=O)cc3)cc2c1,0.0002272963739999
PI939,*Oc1cccc(OC(=O)c2ccccc2/C=C/c2ccc(/C=C/c3ccccc3C(*)=O)cc2)c1,0.000198989787
PI940,*Oc1ccccc1OC(=O)c1ccccc1/C=C/c1ccc(/C=C/c2ccccc2C(*)=O)cc1,0.000222108797
PI941,*Oc1ccc(OC(=O)c2ccccc2/C=C/c2ccc(/C=C/c3ccccc3C(*)=O)cc2)cc1,0.0002353130139999
PI943,*CCCCCCCCCCCCNC(=O)CCCCCCCCCCCCCCCCCCC(=O)N*,0.000349800281
PI944,*Nc1ccc(NC(=O)c2cc(C(*)=O)c(C(=O)OCC)cc2C(=O)OCC)cc1,0.000301681661
PI945,*Nc1cccc(C(O)Cc2ccc(NC(=O)c3ccc(C(*)=O)cc3)cc2)c1,0.000295623458
PI946,*c1ccc2c(c1)-c1nc3cc(-c4ccc5nc6n(c5c4)C(=O)c4cc(C(*)(C(F)(F)F)C(F)(F)F)ccc4-6)ccc3n1C2=O,0.00018416099
PI947,*CC(C)CNC(=O)O*,0.0002574362519999
PI948,*c1ccc(Oc2cccc(Oc3ccc(N4C(=O)c5ccc(-c6ccc7c(c6)C(=O)N(*)C7=O)cc5C4=O)cc3)c2)cc1,0.000282900087
PI949,*c1cccc(N2C(=O)c3ccc(C(c4ccc5c(c4)C(=O)N(*)C5=O)(C(F)(F)F)C(F)(F)F)cc3C2=O)c1,0.0001728883499999
PI950,*c1ccc2c(c1)C(=O)N(c1cccc(S(=O)(=O)c3cccc(N4C(=O)c5ccc(C(*)(C(F)(F)F)C(F)(F)F)cc5C4=O)c3)c1)C2=O,0.000150446539
PI951,*c1cc2c(C(=O)N(C2=O)c2ccc(cc2)Oc2ccc(cc2)NC(=O)*)cc1,0.000329475891
PI952,*c1ccc(S(=O)(=O)c2ccc(N3C(=O)c4cc5C(=O)N(*)C(=O)c5cc4C3=O)cc2)cc1,0.00029081044
PI953,*c1cccc(Oc2ccc(N3C(=O)c4cc5C(=O)N(*)C(=O)c5cc4C3=O)cc2)c1,0.000262134449
PI954,*c1ccc(-c2ccc(N3C(=O)c4ccc(-c5ccc6c(c5)C(=O)N(*)C6=O)cc4C3=O)cc2C(F)(F)F)c(C(F)(F)F)c1,0.0002810943639999
PI955,*C(=O)Oc1ccc(C(C)(C)c2ccc(OC(=O)c3ccc4c(c3)C(=O)N(c3ccc(-c5ccc(N6C(=O)c7ccc(*)cc7C6=O)c(C)c5)cc3C)C4=O)cc2)cc1,0.000295505091
PI956,*C(=O)Oc1ccc(C(C)(C)c2ccc(OC(=O)c3ccc4c(c3)C(=O)N(c3ccc(Oc5ccc(N6C(=O)c7ccc(*)cc7C6=O)cc5)cc3)C4=O)cc2)cc1,0.000279921661
PI958,*C(=O)Oc1ccc(C(C)(C)c2ccc(OC(=O)c3ccc4c(c3)C(=O)N(c3ccc(-c5ccc(N6C(=O)c7ccc(*)cc7C6=O)cc5)cc3)C4=O)cc2)cc1,0.00029891003
PI959,*c1ccc2c(c1)C(=O)N(c1ccc3c(c1)-c1cc(N4C(=O)c5ccc(C(*)(C(F)(F)F)C(F)(F)F)cc5C4=O)ccc1C3)C2=O,0.000174130825
PI960,*C(=O)Nc1ccc(NC(=O)c2ccc(N3C(=O)c4ccc(*)cc4C3=O)cc2)cc1,0.000439609719
PI961,*c1ccc(Oc2ccc(C(c3ccc(Oc4ccc(N5C(=O)c6ccc(Oc7ccc8c(c7)C(=O)N(*)C8=O)cc6C5=O)cc4)cc3)(C(F)(F)F)C(F)(F)F)cc2)cc1,0.000211511474
PI962,*c1cccc(Oc2cccc(Oc3cccc(-n4c(=O)c5cc6c(=O)n(*)c(=O)c6cc5c4=O)c3)c2)c1,0.00022483537
PI963,*c1ccc(Oc2ccc(S(=O)(=O)c3ccc(Oc4ccc(N5C(=O)c6ccc(C(=O)c7ccc8c(c7)C(=O)N(*)C8=O)cc6C5=O)cc4)cc3)cc2)cc1,0.0002441027309999
PI964,*c1ccc(Oc2ccc(S(=O)(=O)c3ccc(Oc4ccc(N5C(=O)c6ccc(Oc7ccc8c(c7)C(=O)N(*)C8=O)cc6C5=O)cc4)cc3)cc2)cc1,0.000250512619
PI965,*c1ccc(Oc2cccc(Oc3ccc(N4C(=O)c5ccc(C(=O)c6ccc7c(c6)C(=O)N(*)C7=O)cc5C4=O)cc3)c2)cc1,0.0002433530519999
PI966,*c1ccc(Oc2ccc(S(=O)(=O)c3ccc(Oc4ccc(N5C(=O)c6cc7C(=O)N(*)C(=O)c7cc6C5=O)cc4)cc3)cc2)cc1,0.000257046515
PI967,*c1ccc(-c2ccc(-n3c(=O)c4cc5c(=O)n(*)c(=O)c5cc4c3=O)cc2C(F)(F)F)c(C(F)(F)F)c1,0.0003829111279999
PI968,*c1ccc(S(=O)(=O)c2ccc(N3C(=O)c4ccc(-c5ccc6c(c5)C(=O)N(*)C6=O)cc4C3=O)cc2)cc1,0.000280663141
PI969,*C(=O)c1ccc2c(c1)C(=O)N(c1ccc(C3(c4ccc(N5C(=O)c6ccc(*)cc6C5=O)cc4)c4ccccc4-c4ccccc43)cc1)C2=O,0.0002276673519999
PI970,*CCCCCCN1C(=O)c2ccc(C(c3ccc4c(c3)C(=O)N(*)C4=O)(C(F)(F)F)C(F)(F)F)cc2C1=O,0.00016334633
PI971,*c1ccc2c(c1)C(=O)N(c1c(C)cc(Cc3cc(C)c(N4C(=O)c5ccc(C(*)(C(F)(F)F)C(F)(F)F)cc5C4=O)c(C)c3)cc1C)C2=O,0.000164469188
PI972,*c1ccc2c(c1)C(=O)N(c1c(CC)cc(Cc3cc(CC)c(N4C(=O)c5ccc(C(*)(C(F)(F)F)C(F)(F)F)cc5C4=O)c(CC)c3)cc1CC)C2=O,0.0001778175
PI973,*c1ccc2c(c1)C(=O)N(c1c(C(C)C)cc(Cc3cc(C(C)C)c(N4C(=O)c5ccc(C(*)(C(F)(F)F)C(F)(F)F)cc5C4=O)c(C(C)C)c3)cc1C(C)C)C2=O,0.00016484689
PI974,*c1ccc2c(c1)C(=O)N(c1cc(N3C(=O)c4ccc(C(*)(C(F)(F)F)C(F)(F)F)cc4C3=O)ccc1C)C2=O,0.0001537791259999
PI975,*c1ccc(S(=O)(=O)c2ccc(N3C(=O)c4ccc(C(c5ccc6c(c5)C(=O)N(*)C6=O)(C(F)(F)F)C(F)(F)F)cc4C3=O)cc2)cc1,0.000166991738
PI976,*c1ccc(S(=O)(=O)c2ccc(N3C(=O)c4ccc(C(=O)c5ccc6c(c5)C(=O)N(*)C6=O)cc4C3=O)cc2)cc1,0.0002551481239999
PI977,*c1ccc(-c2ccc(-n3c(=O)c4cc5c(=O)n(*)c(=O)c5cc4c3=O)cc2OC(F)(F)F)c(OC(F)(F)F)c1,0.000342393297
PI978,*C1CCC(N2C(=O)c3ccc(-c4ccc5c(c4)C(=O)N(*)C5=O)cc3C2=O)CC1,0.000322479304
PI979,*c1cc(C(c2ccc(O)c(-n3c(=O)c4cc5c(=O)n(*)c(=O)c5cc4c3=O)c2)(C(F)(F)F)C(F)(F)F)ccc1O,0.000188839787
PI980,*c1ccc2c(c1)C(=O)N(c1ccc(C(c3ccc(C)c(N4C(=O)c5ccc(C(*)(C(F)(F)F)C(F)(F)F)cc5C4=O)c3)(C(F)(F)F)C(F)(F)F)cc1C)C2=O,0.000125282992
PI981,*c1ccc2c(c1)C(=O)N(c1ccc(Oc3ccc(-c4ccc(Oc5ccc(N6C(=O)c7ccc(C(*)(C(F)(F)F)C(F)(F)F)cc7C6=O)cc5)cc4)cc3)cc1)C2=O,0.000192517661
PI983,*c1ccc(Oc2ccc(S(=O)(=O)c3ccc(Oc4ccc(N5C(=O)c6ccc(C(c7ccc8c(c7)C(=O)N(*)C8=O)(C(F)(F)F)C(F)(F)F)cc6C5=O)cc4)cc3)cc2)cc1,0.000207221278
PI984,*c1ccc2c(c1)C(=O)N(c1cccc(Oc3ccc(S(=O)(=O)c4ccc(Oc5cccc(N6C(=O)c7ccc(C(*)(C(F)(F)F)C(F)(F)F)cc7C6=O)c5)cc4)cc3)c1)C2=O,0.000163208541
PI985,*c1ccc(C(C)(C)c2ccc(N3C(=O)c4ccc(Oc5ccc6c(c5)C(=O)N(*)C6=O)cc4C3=O)cc2)cc1,0.00027785637
PI986,*c1cccc(N2C(=O)c3ccc(Oc4ccc5c(c4)C4(CC(C)(C)c6ccc(Oc7ccc8c(c7)C(=O)N(*)C8=O)cc64)CC5(C)C)cc3C2=O)c1,0.000195425517
PI987,*c1ccc(S(=O)(=O)c2ccc(N3C(=O)c4ccc(Oc5ccc6c(c5)C(=O)N(*)C6=O)cc4C3=O)cc2)cc1,0.000249871544
PI989,*c1ccc2c(c1)C(=O)N(c1ccc(Oc3ccc(N4C(=O)c5ccc(C(C)(C)CCCCCCCCC(*)(C)C)cc5C4=O)cc3)cc1)C2=O,0.000254763626
PI990,*C(=O)Nc1cccc(NC(=O)c2ccc(N3C(=O)c4ccc(*)cc4C3=O)cc2)c1,0.000316497691
PI991,*C(=O)c1ccc2c(c1)C(=O)N(c1ccc(C(=O)Nc3ccc(N4C(=O)c5ccc(*)cc5C4=O)cc3)cc1)C2=O,0.000331274593
PI992,*c1cccc(Oc2ccc(N3C(=O)c4ccc(C(=O)c5ccc6c(c5)C(=O)N(*)C6=O)cc4C3=O)cc2)c1,0.0002640172989999
PI993,*c1ccc(-c2sc(-c3ccc(-n4c(=O)c5cc6c(=O)n(*)c(=O)c6cc5c4=O)cc3)c(-c3ccccc3)c2-c2ccccc2)cc1,0.000352891485
PI995,*c1ccc(C(c2ccc(N3C(=O)c4cc5c(cc4C3=O)C(C(F)(F)F)(C(F)(F)F)c3cc4c(cc3O5)C(=O)N(*)C4=O)cc2)(C(F)(F)F)C(F)(F)F)cc1,0.000206835687
PI996,*c1ccc2c(c1)C(=O)N(c1cc(C(c3ccc(O)c(N4C(=O)c5ccc(C(*)(C(F)(F)F)C(F)(F)F)cc5C4=O)c3)(C(F)(F)F)C(F)(F)F)ccc1O)C2=O,0.000132113785
PI997,*c1ccc(Oc2c(C)cc(Cc3cc(C)c(Oc4ccc(-n5c(=O)c6cc7c(=O)n(*)c(=O)c7cc6c5=O)cc4)c(C)c3)cc2C)cc1,0.000252482603
PI998,*c1ccc(Oc2c(C)cc(Cc3cc(C)c(Oc4ccc(N5C(=O)c6ccc(-c7ccc8c(c7)C(=O)N(*)C8=O)cc6C5=O)cc4)c(C)c3)cc2C)cc1,0.000256003141
PI999,*C(=O)c1ccc2c(c1)C(=O)N(c1ccc(Oc3c(C)cc(Cc4cc(C)c(Oc5ccc(N6C(=O)c7ccc(*)cc7C6=O)cc5)c(C)c4)cc3C)cc1)C2=O,0.000236433639
PI1000,*c1ccc2c(c1)C(=O)N(c1ccc(Oc3c(C)cc(Cc4cc(C)c(Oc5ccc(N6C(=O)c7ccc(C(*)(C(F)(F)F)C(F)(F)F)cc7C6=O)cc5)c(C)c4)cc3C)cc1)C2=O,0.000187678976
PI1001,*c1c(C)cc(C(c2cc(C)c(N3C(=O)c4ccc(-c5ccc6c(c5)C(=O)N(*)C6=O)cc4C3=O)c(C)c2)c2cccc3ccccc23)cc1C,0.000236427007
PI1002,*C(=O)c1ccc2c(c1)C(=O)N(c1c(C)cc(C(c3cc(C)c(N4C(=O)c5ccc(*)cc5C4=O)c(C)c3)c3cccc4ccccc34)cc1C)C2=O,0.000210939398
PI1003,*c1ccc2c(c1)C(=O)N(c1c(C)cc(C(c3cc(C)c(N4C(=O)c5ccc(C(*)(C(F)(F)F)C(F)(F)F)cc5C4=O)c(C)c3)c3cccc4ccccc34)cc1C)C2=O,0.000161522154
PI1004,*c1ccc(Oc2c(C)cc(C(c3cc(C)c(Oc4ccc(-n5c(=O)c6cc7c(=O)n(*)c(=O)c7cc6c5=O)cc4)c(C)c3)c3cccc4ccccc34)cc2C)cc1,0.000245595378
PI1005,*c1ccc(Oc2c(C)cc(C(c3cc(C)c(Oc4ccc(N5C(=O)c6ccc(-c7ccc8c(c7)C(=O)N(*)C8=O)cc6C5=O)cc4)c(C)c3)c3cccc4ccccc34)cc2C)cc1,0.000261279179
PI1006,*c1ccc2c(c1)C(=O)N(c1ccc(Oc3c(C)cc(C(c4cc(C)c(Oc5ccc(N6C(=O)c7ccc(C(*)(C(F)(F)F)C(F)(F)F)cc7C6=O)cc5)c(C)c4)c4cccc5ccccc45)cc3C)cc1)C2=O,0.000184969637
PI1007,*/C=C/C1CC(*)C2C(=O)N(CCCCC)C(=O)C12,0.000236932175
PI1008,*/C=C/C1CC(*)C2C(=O)N(CCCCCC)C(=O)C12,0.000232246101
PI1009,*c1cccc(P(=O)(c2cccc(-n3c(=O)c4cc5c(=O)n(*)c(=O)c5cc4c3=O)c2)c2cc(C(F)(F)F)cc(C(F)(F)F)c2)c1,0.000163382142
PI1010,*c1cccc(P(=O)(c2ccc(C(F)(F)F)cc2)c2cccc(-n3c(=O)c4cc5c(=O)n(*)c(=O)c5cc4c3=O)c2)c1,0.00018075284
PI1011,*c1cccc(P(=O)(c2ccccc2)c2cccc(-n3c(=O)c4cc5c(=O)n(*)c(=O)c5cc4c3=O)c2)c1,0.000201453995
PI1012,*Oc1c(C)cc(C(C)(C)c2cc(C)c(ON3C(=O)c4ccc(Oc5ccc(C6(c7ccc(Oc8ccc9c(c8)C(=O)N(*)C9=O)cc7)CCC(C(C)(C)C)CC6)cc5)cc4C3=O)c(C)c2)cc1C,0.00022463605
PI1013,*c1ccc(Oc2ccc(C(c3ccc(Oc4ccc(N5C(=O)c6ccc(Oc7ccc(C8(c9ccc(Oc%10ccc%11c(c%10)C(=O)N(*)C%11=O)cc9)CCC(C(C)(C)C)CC8)cc7)cc6C5=O)cc4)cc3)(C(F)(F)F)C(F)(F)F)cc2)cc1,0.000210880706
PI1014,*c1ccc(Oc2ccc(Oc3ccc(N4C(=O)c5ccc(Oc6ccc(C7(c8ccc(Oc9ccc%10c(c9)C(=O)N(*)C%10=O)cc8)CCC(C(C)(C)C)CC7)cc6)cc5C4=O)cc3)c(C(C)(C)C)c2)cc1,0.000275312596
PI1017,*c1ccc(Oc2ccc(C3(c4ccc(Oc5ccc(N6C(=O)c7ccc(Oc8ccc(C9(c%10ccc(Oc%11ccc%12c(c%11)C(=O)N(*)C%12=O)cc%10)CCC(C(C)(C)C)CC9)cc8)cc7C6=O)cc5)cc4)CC4CC3C3CCCC43)cc2)cc1,0.000235289626
PI1018,*C(=O)Nc1cccc(C#Cc2cccc(N3C(=O)c4ccc(*)cc4C3=O)c2)c1,0.000254775725
PI1021,*c1ccc(Oc2ccc(NC(=O)CN3C(=O)c4ccc(C(c5ccc6c(c5)C(=O)N(CC(=O)Nc5ccc(Oc7ccc(-c8nnc(*)o8)cc7)cc5)C6=O)(C(F)(F)F)C(F)(F)F)cc4C3=O)cc2)cc1,0.000215864818
PI1023,*c1ccc(Oc2c(C)cc(C(C)(C)c3cc(C)c(Oc4ccc(N5C(=O)c6ccc(Oc7ccc(C8(c9ccc(Oc%10ccc%11c(c%10)C(=O)N(*)C%11=O)cc9)CCC(c9ccccc9)CC8)cc7)cc6C5=O)cc4)c(C)c3)cc2C)cc1,0.000242419906
PI1025,*c1ccc(Oc2ccc(Oc3ccc(N4C(=O)c5ccc(Oc6ccc(C7(c8ccc(Oc9ccc%10c(c9)C(=O)N(*)C%10=O)cc8)CCC(c8ccccc8)CC7)cc6)cc5C4=O)cc3)c(C(C)(C)C)c2)cc1,0.000258275143
PI1026,*c1ccc(Oc2ccc(-c3ccc(Oc4ccc(N5C(=O)c6ccc(Oc7ccc(C8(c9ccc(Oc%10ccc%11c(c%10)C(=O)N(*)C%11=O)cc9)CCC(c9ccccc9)CC8)cc7)cc6C5=O)cc4)cc3C)c(C)c2)cc1,0.000262426433
PI1028,*c1ccc(Oc2ccc(N3C(=O)c4ccc(Oc5ccc(C6(c7ccc(Oc8ccc9c(c8)C(=O)N(*)C9=O)cc7)CCC(c7ccccc7)CC6)cc5)cc4C3=O)cc2)cc1,0.000234347519
PI1029,*c1ccc(Oc2ccccc2Oc2ccc(-n3c(=O)c4cc5c(=O)n(*)c(=O)c5cc4c3=O)cc2)cc1,0.00027636764
PI1030,*c1ccc(Oc2ccc(Oc3ccc(-n4c(=O)c5cc6c(=O)n(*)c(=O)c6cc5c4=O)cc3)cc2C(C)(C)C)cc1,0.000299962523
PI1031,*c1ccc(Oc2ccc(Oc3ccc(-n4c(=O)c5cc6c(=O)n(*)c(=O)c6cc5c4=O)cc3)cc2-c2ccccc2)cc1,0.00030983122
PI1032,*c1ccc(Oc2cc(C(C)(C)C)ccc2Oc2ccc(-n3c(=O)c4cc5c(=O)n(*)c(=O)c5cc4c3=O)cc2)cc1,0.000278141719
PI1033,*c1ccc(Oc2ccc(Oc3ccc(N4C(=O)c5ccc(-c6ccc7c(c6)C(=O)N(*)C7=O)cc5C4=O)cc3)cc2)cc1,0.0002953983729999
PI1034,*c1ccc(Oc2ccccc2Oc2ccc(N3C(=O)c4ccc(-c5ccc6c(c5)C(=O)N(*)C6=O)cc4C3=O)cc2)cc1,0.00029151673
PI1035,*c1ccc(Oc2ccc(Oc3ccc(N4C(=O)c5ccc(-c6ccc7c(c6)C(=O)N(*)C7=O)cc5C4=O)cc3)c(C(C)(C)C)c2)cc1,0.00030392846
PI1036,*c1ccc(Oc2ccc(Oc3ccc(N4C(=O)c5ccc(-c6ccc7c(c6)C(=O)N(*)C7=O)cc5C4=O)cc3)c(-c3ccccc3)c2)cc1,0.0003164115539999
PI1037,*c1ccc(Oc2cc(C(C)(C)C)ccc2Oc2ccc(N3C(=O)c4ccc(-c5ccc6c(c5)C(=O)N(*)C6=O)cc4C3=O)cc2)cc1,0.000288457547
PI1038,*c1ccc(Oc2ccc(-c3ccc(Oc4ccc(N5C(=O)c6ccc(Oc7cccc(Oc8ccc9c(c8)C(=O)N(*)C9=O)c7)cc6C5=O)cc4)cc3)cc2)cc1,0.00028734094
PI1039,*c1ccc(Oc2ccc(C3(c4ccc(Oc5ccc(N6C(=O)c7ccc(Oc8ccc(C9(c%10ccc(Oc%11ccc%12c(c%11)C(=O)N(*)C%12=O)cc%10)CCC(c%10ccccc%10)CC9)cc8)cc7C6=O)cc5)cc4)CC4CC3C3CCCC43)cc2)cc1,0.00022907507
PI1041,*C(=O)c1ccc2c(c1)C(=O)N(c1cc(C(c3ccc(O)c(N4C(=O)c5ccc(*)cc5C4=O)c3)(C(F)(F)F)C(F)(F)F)ccc1O)C2=O,0.0001893956689999
PI1042,*c1ccc(Oc2ccc(-c3ccc(Oc4ccc(N5C(=O)c6ccc(Oc7ccc(C8(c9ccc(Oc%10ccc%11c(c%10)C(=O)N(*)C%11=O)cc9)CCCCCCCCCCC8)cc7)cc6C5=O)cc4)cc3C)c(C)c2)cc1,0.000271126559
PI1043,*c1ccc(Cc2ccc(N3C(=O)c4ccc(Oc5ccc(C6(c7ccc(Oc8ccc9c(c8)C(=O)N(*)C9=O)cc7)CCCCCCCCCCC6)cc5)cc4C3=O)cc2)cc1,0.000234616466
PI1044,*c1ccc(Oc2ccc(Oc3ccc(N4C(=O)c5ccc(Oc6ccc(C7(c8ccc(Oc9ccc%10c(c9)C(=O)N(*)C%10=O)cc8)CCCCCCCCCCC7)cc6)cc5C4=O)cc3)c(C(C)(C)C)c2)cc1,0.000253157391
PI1047,*c1ccc(Oc2ccc(C3(c4ccc(Oc5ccc(N6C(=O)c7ccc(Oc8ccc(C9(c%10ccc(Oc%11ccc%12c(c%11)C(=O)N(*)C%12=O)cc%10)CCCCCCCCCCC9)cc8)cc7C6=O)cc5)cc4)CCC(C(C)(C)C)CC3)cc2)cc1,0.000254842041
PI1048,*c1ccc(Oc2ccc(C3(c4ccc(Oc5ccc(N6C(=O)c7ccc(Oc8ccc(C9(c%10ccc(Oc%11ccc%12c(c%11)C(=O)N(*)C%12=O)cc%10)CCCCCCCCCCC9)cc8)cc7C6=O)cc5)cc4)C4CC5CC(C4)CC3C5)cc2)cc1,0.0002382015
PI1049,*c1ccc2c(c1)C(=O)N(c1ccc(Oc3ccc4ccc(Oc5ccc(N6C(=O)c7ccc(C(*)(C(F)(F)F)C(F)(F)F)cc7C6=O)cc5)cc4c3)cc1)C2=O,0.000182668971
PI1050,*c1ccc(Oc2ccc3ccc(Oc4ccc(-n5c(=O)c6cc7c(=O)n(*)c(=O)c7cc6c5=O)cc4)cc3c2)cc1,0.000289863471
PI1051,*c1cccc(P(=O)(c2cccc(-n3c(=O)c4c(-c5cc(C(F)(F)F)cc(C(F)(F)F)c5)c5c(=O)n(*)c(=O)c5c(-c5cc(C(F)(F)F)cc(C(F)(F)F)c5)c4c3=O)c2)c2cc(C(F)(F)F)cc(C(F)(F)F)c2)c1,0.000122779381
PI1052,*c1cccc(P(=O)(c2ccc(C(F)(F)F)cc2)c2cccc(-n3c(=O)c4c(-c5cc(C(F)(F)F)cc(C(F)(F)F)c5)c5c(=O)n(*)c(=O)c5c(-c5cc(C(F)(F)F)cc(C(F)(F)F)c5)c4c3=O)c2)c1,0.000130279594
PI1053,*c1cccc(P(=O)(c2ccccc2)c2cccc(-n3c(=O)c4c(-c5cc(C(F)(F)F)cc(C(F)(F)F)c5)c5c(=O)n(*)c(=O)c5c(-c5cc(C(F)(F)F)cc(C(F)(F)F)c5)c4c3=O)c2)c1,0.000131716821
PI1054,*c1cccc(P(=O)(c2cccc(-n3c(=O)c4c(-c5ccc(C(F)(F)F)cc5)c5c(=O)n(*)c(=O)c5c(-c5ccc(C(F)(F)F)cc5)c4c3=O)c2)c2cc(C(F)(F)F)cc(C(F)(F)F)c2)c1,0.000141923307
PI1055,*c1cccc(P(=O)(c2ccc(C(F)(F)F)cc2)c2cccc(-n3c(=O)c4c(-c5ccc(C(F)(F)F)cc5)c5c(=O)n(*)c(=O)c5c(-c5ccc(C(F)(F)F)cc5)c4c3=O)c2)c1,0.000149548685
PI1056,*c1cccc(P(=O)(c2ccccc2)c2cccc(-n3c(=O)c4c(-c5ccc(C(F)(F)F)cc5)c5c(=O)n(*)c(=O)c5c(-c5ccc(C(F)(F)F)cc5)c4c3=O)c2)c1,0.000150823834
PI1057,*c1cccc(P(=O)(c2cccc(-n3c(=O)c4c(-c5ccccc5)c5c(=O)n(*)c(=O)c5c(-c5ccccc5)c4c3=O)c2)c2cc(C(F)(F)F)cc(C(F)(F)F)c2)c1,0.0001467541599999
PI1058,*c1cccc(P(=O)(c2ccc(C(F)(F)F)cc2)c2cccc(-n3c(=O)c4c(-c5ccccc5)c5c(=O)n(*)c(=O)c5c(-c5ccccc5)c4c3=O)c2)c1,0.000168077953
